,user_id,method,tide,lap,falls_num,duration,mean_drift_head,std_drift_head,mean_drift_pelvis,std_drift_pelvis,mean_alpha,std_alpha,mean_beta,std_beta
0,10,NoInstructions,LowTide,0,0,19.894,0.6505958818247481,0.30459465216283127,0.8083053561413842,0.33567955520395387,1.0435332591986113,0.12308418017048543,0.2733699467770648,0.07075367518457454
1,10,NoInstructions,LowTide,1,0,17.47,0.8453142556492808,0.39462444205332015,1.0469757537571258,0.40632653529367957,1.3756434791318441,0.14713419104175027,0.3298496549603768,0.08479551689857331
2,10,NoInstructions,LowTide,2,1,20.982,0.9413737524333382,0.572667243503776,1.1383821880784173,0.6016735834463387,1.306876524096569,0.15795036117670283,0.3082861735195391,0.055090617937200104
3,10,NoInstructions,LowTide,3,0,13.797,0.5402634364091177,0.24446813369702286,0.7026614096578121,0.2541957372228608,1.5237536637727813,0.1521977580632642,0.2870750461624813,0.08390673051090981
4,10,NoInstructions,HighTide,0,0,39.371,0.43865511722712797,0.2603835241984188,0.4950592975367053,0.35711975366268295,1.3643514217426582,0.3558935087183104,0.3495538188856085,0.08639383228197373
5,10,NoInstructions,HighTide,1,0,32.496,1.4507784442773468,0.6112347273947424,1.596328138806082,0.6976699262801266,1.309787689624695,0.24027887293641065,0.3409935850601505,0.07214663364427616
6,10,NoInstructions,HighTide,2,0,18.916,0.5910439296612497,0.1957185575738901,0.7911935421638097,0.20712964297708206,1.1688354622139228,0.0927917100427897,0.3063332409238454,0.07135876376884692
7,10,NoInstructions,HighTide,3,0,21.674,0.9285520278569572,0.3553381615107596,1.0794803182318398,0.38900312901874856,1.3725748081024858,0.22402970149876855,0.2795846511406785,0.08834404910943364
8,10,Imitation,LowTide,0,0,16.599,0.2677083400526138,0.16491103285840145,0.3732483044010003,0.18511936727167488,2.322356797462711,0.10296549467921098,0.22256489782468833,0.053124673014863066
9,10,Imitation,LowTide,1,0,29.245,0.9654333018106283,0.5088633977241616,1.1807275580095322,0.5534854482341823,2.0277370371468812,0.3290142999754778,0.3568690671606722,0.12605260042004612
10,10,Imitation,LowTide,2,0,27.496,0.9686039696128793,0.4379310482724171,1.2381876671416348,0.49079215435787854,2.1016731272652454,0.251877795559741,0.42127320270709107,0.16346888025169046
11,10,Imitation,LowTide,3,1,44.759,0.9123205282210358,0.2981207058059183,1.1008753515206078,0.3401269176872196,2.000390534596643,0.3539460042581191,0.33181622289048646,0.14071032197807964
12,10,Imitation,HighTide,0,0,42.369,1.3678432411680126,0.6325822121533162,1.5055803895267672,0.6470697730710717,1.99556014351974,0.7336504987178278,0.21264928318483034,0.05969736203655416
13,10,Imitation,HighTide,1,0,35.67,1.0524765970133187,0.3422840977763374,1.2095820388354293,0.3577693481051444,2.364386178773144,0.16311888714290265,0.2615316104669788,0.10264904032576014
14,10,Imitation,HighTide,2,0,32.445,1.0216933708648728,0.4484779680319814,1.2022894514051923,0.46341300359255033,2.3494331046256915,0.1470394701067,0.269884188858012,0.07523255580340521
15,10,Imitation,HighTide,3,0,34.468,0.5485213408657945,0.25154224010045706,0.7182399836099722,0.2977736487660765,2.159874074202702,0.28361008600656074,0.3226297502605271,0.14889826671345582
16,10,Gamification,LowTide,0,0,9.744,1.846908148011118,1.320514082821717,1.7696481306250207,1.2879543976794898,1.0482953941480937,0.2685587591527527,0.21528729535394792,0.0754564036245579
17,10,Gamification,LowTide,1,0,58.77,0.845592852879156,0.3349981780476361,0.9382086065214474,0.3611572587077233,1.0220357464981618,0.27638873122318564,0.22920198494632393,0.13448556661008373
18,10,Gamification,LowTide,2,2,53.921,0.7213396753232206,0.318692256746549,0.8567812471861387,0.29181355869856174,1.084902298687617,0.3005044375545478,0.26668053167513756,0.15960642434921424
19,10,Gamification,LowTide,3,2,66.831,0.5410350275319316,0.22263793415731478,0.6356255551658954,0.2552558356054624,1.1034339465628245,0.2437514044627018,0.22716760701335972,0.11595602206039404
20,10,Gamification,HighTide,0,3,102.169,0.6515572904750203,0.3321288088997757,0.8205524164334789,0.3282111218714075,1.2495386906419688,0.32289593443932657,0.29900754632148663,0.13334656394654124
21,10,Gamification,HighTide,1,1,67.101,0.7446793724875017,0.3138929427914381,0.8230186344670933,0.31988111254069296,1.0601899380442972,0.23266294759893522,0.21090753483595917,0.12060403750170623
22,10,Gamification,HighTide,2,1,80.344,0.7651130460702725,0.41231920733336513,0.6680544751694076,0.3546396363726758,1.1739946063714606,0.27902246549762544,0.32925381858267827,0.13290557488840263
23,10,Gamification,HighTide,3,2,67.042,0.5914489420421133,0.42562336590975297,0.7145124866183695,0.4466749280527181,1.0891628857666116,0.27307348135612697,0.2734044798302554,0.15084851553959602
24,11,NoInstructions,LowTide,0,1,17.971,1.0781482396031459,0.6737871439106404,1.1189253478708636,0.7153975105101398,1.5296006722544198,0.42327297988499785,0.1703650263623628,0.07558546899971713
25,11,NoInstructions,LowTide,1,0,17.568,1.7946343855897104,0.9573315411490286,1.826745047326626,1.0048461844388548,1.4061529115575626,0.5170768039711447,0.1568155253253848,0.0623073676076689
26,11,NoInstructions,LowTide,2,0,6.899,0.2188643356820245,0.33190172705106774,0.23606255404502277,0.3376191826699216,2.080810105424694,0.2589286547002593,0.15253022284679338,0.045950887817080656
27,11,NoInstructions,LowTide,3,0,7.823,0.24676867367518845,0.2954119371000193,0.20592461142256976,0.3029597217945991,1.9921052764218266,0.21524154145982782,0.12222003061395662,0.058769071596205945
28,11,NoInstructions,HighTide,0,0,7.173,0.20255308487391294,0.32000562676943684,0.19277867821876932,0.31933113470623403,1.8248703617954964,0.2428703712923134,0.10422474198403035,0.06076241060213644
29,11,NoInstructions,HighTide,1,0,6.75,0.2630342774655657,0.3407195322503141,0.2798531365733679,0.3418504497784712,1.8152548518191916,0.27722172912705095,0.14582503784938378,0.08366952741126554
30,11,NoInstructions,HighTide,2,0,17.822,0.7219271367824031,0.44663215392862177,0.7253189498842603,0.5083877927831271,1.6821421220760755,0.2678183653802258,0.17637574177431886,0.037442056256191035
31,11,NoInstructions,HighTide,3,0,12.245,1.2392975751170414,0.548108323199258,1.2973565121142956,0.5603676193622328,1.4071367928679424,0.46217389987451285,0.1905294081645234,0.07943155159786042
32,11,Imitation,LowTide,0,0,8.147,0.3622690374598396,0.30342950886180775,0.33420394625175803,0.3044697052769628,2.6491972481892105,0.028244175291592295,0.07245602027120236,0.0490879589507058
33,11,Imitation,LowTide,1,0,30.27,1.1530029554727703,0.6844216120079085,1.1940448585163148,0.7069077286853909,2.218210665684096,0.4730819721864622,0.17185418933987406,0.05242718936831849
34,11,Imitation,LowTide,2,0,23.521,1.0340317676082447,0.6354957478644727,1.0359777157029555,0.7035144707542456,2.0398789877069827,0.2898649658429535,0.1655445700178,0.06872590928908018
35,11,Imitation,LowTide,3,0,11.921,1.1504423829165917,0.5017430758590998,1.198054599522508,0.5152641299852574,2.1992560472710827,0.552715244413621,0.2155062397551992,0.12933428932098048
36,11,Imitation,HighTide,0,0,7.052,0.3359640655675995,0.32935559555390265,0.34477381025129644,0.33134593666082984,2.6446945886888806,0.08798655184577656,0.09376077999393143,0.04847752425265356
37,11,Imitation,HighTide,1,0,8.623,0.9747703688832733,0.4642210909584106,1.068568595041098,0.47253822343426616,2.50286737149157,0.11073069322469735,0.2258993087693243,0.09091808499311917
38,11,Imitation,HighTide,2,0,7.921,0.2141123691347276,0.29393150637757903,0.22364116994428673,0.31066032566085394,2.599301586866287,0.06902503065773599,0.14186299582619952,0.057737479963984206
39,11,Imitation,HighTide,3,0,9.648,1.0672370182558464,0.4252047926673109,1.0917162323326308,0.432427866790859,2.547233140264293,0.09828978601631701,0.07594929358896527,0.02916381710337251
40,11,Gamification,LowTide,0,0,10.446,0.29034745221496644,0.2229623893345008,0.2680793914986166,0.22690852017371313,2.1218393706788534,0.2808088570560543,0.19786612533931605,0.1340551413129342
41,11,Gamification,LowTide,1,0,42.38,1.0787977839119822,0.3815105216186039,1.1661972953126758,0.37857936836088485,1.6972763245751559,0.5778342121552175,0.20516032938518186,0.11316806253950343
42,11,Gamification,LowTide,2,1,26.875,0.845667678615803,0.49021397919492726,0.8620857228072532,0.5167935024010721,1.8754489585448237,0.42070436393828164,0.18692708259914184,0.14588050515955153
43,11,Gamification,LowTide,3,0,32.205,0.973083421133693,0.3804218390526716,0.9417434016556276,0.383870764097849,1.9482029866740547,0.2088403870061831,0.15726189267991317,0.10211917364828227
44,11,Gamification,HighTide,0,0,44.973,1.3194061785499516,0.5445261957652459,1.3614149119925076,0.568222653064953,2.160647959456399,0.2619043574481797,0.1478731410075005,0.08870280788141373
45,11,Gamification,HighTide,1,2,34.322,0.8711006707853883,0.3696765287480815,0.8631386836428834,0.3723315517680761,2.1087248658089193,0.1323067452592666,0.27315222860403343,0.14409055913153607
46,11,Gamification,HighTide,2,1,39.811,1.1984113938762635,0.5938436249458149,1.2324515285647544,0.6408489183946725,1.771936316039352,0.3502063780288265,0.15144359181261569,0.1118471650237139
47,11,Gamification,HighTide,3,2,30.95,0.683514009417207,0.35787987264295146,0.6958216435885646,0.36855784841120015,1.7763857164078514,0.276819343325313,0.19731748044658196,0.11628490763252738
48,12,NoInstructions,LowTide,0,0,7.073,0.29869641814462056,0.3238533511741547,0.3306076047265313,0.3299838045072898,2.1902108047411253,0.2068994938796339,0.15779642644913505,0.09869663938688324
49,12,NoInstructions,LowTide,1,0,12.145,1.387979097001373,0.6913148092431763,1.4891764272068573,0.6830740480569828,2.078157067707412,0.31909549099794626,0.17565632892905436,0.0688841042381523
50,12,NoInstructions,LowTide,2,0,31.702,1.05802772198062,0.5018387917107536,1.1522109723852991,0.5552910549690759,1.7451713062843874,0.4146057478369709,0.4454034345161779,0.3479454126749675
51,12,NoInstructions,LowTide,3,0,15.749,1.9115325511730634,0.8524901875575631,2.0140796448581466,0.8537988929154156,1.8351931637105197,0.5676099746674297,0.18536383019714273,0.09118954507912885
52,12,NoInstructions,HighTide,0,0,8.122,0.6766141961574524,0.32989143537185184,0.7241099869955412,0.3432559432756178,2.1733804781931236,0.1906928242982269,0.18994256247351735,0.1565238433214416
53,12,NoInstructions,HighTide,1,0,6.823,0.3580760420408267,0.31418360679805224,0.45962313225452045,0.3262496839238171,2.009078723147096,0.13245919652475133,0.2513080661607007,0.0756796048609845
54,12,NoInstructions,HighTide,2,0,7.473,0.23488546170431768,0.3165472678932996,0.2679525763577784,0.32077392913140657,2.160306249994618,0.26818955271357403,0.137955497801834,0.07010858198179165
55,12,NoInstructions,HighTide,3,0,7.424,0.2885033514689614,0.3153540847386209,0.3679072047108429,0.3247217092494018,2.2430909099052205,0.0849664462016669,0.15749310667426022,0.038941180072063895
56,12,Imitation,LowTide,0,0,0,0.2885033514689614,0.3153540847386209,0.3679072047108429,0.3247217092494018,2.2430909099052205,0.0849664462016669,0.15749310667426022,0.038941180072063895
57,12,Imitation,LowTide,1,0,0,0.2885033514689614,0.3153540847386209,0.3679072047108429,0.3247217092494018,2.2430909099052205,0.0849664462016669,0.15749310667426022,0.038941180072063895
58,12,Imitation,LowTide,2,0,0,0.2885033514689614,0.3153540847386209,0.3679072047108429,0.3247217092494018,2.2430909099052205,0.0849664462016669,0.15749310667426022,0.038941180072063895
59,12,Imitation,LowTide,3,0,0,0.2885033514689614,0.3153540847386209,0.3679072047108429,0.3247217092494018,2.2430909099052205,0.0849664462016669,0.15749310667426022,0.038941180072063895
60,12,Imitation,HighTide,0,0,28.721,0.5903760375221432,0.2799961365747055,0.6875318785854279,0.3115562520294424,2.022732425608538,0.38486645259661517,0.24566295491733478,0.18374620956869947
61,12,Imitation,HighTide,1,2,40.203,1.208756304336705,0.8330418509134877,1.378177521605304,0.8976242244432266,1.785719304431177,0.5126756180016919,0.3647266101811979,0.2687070405183657
62,12,Imitation,HighTide,2,1,43.15,1.4519399518856126,0.827349714563856,1.5600632267060235,0.8772098841988207,1.9294715268418674,0.3631186995407016,0.25341519190093886,0.18170571942987354
63,12,Imitation,HighTide,3,0,23.719,1.0378985277469528,0.37155429466774936,1.1198903389928654,0.3682581337550668,2.0771272608941795,0.3141074817465296,0.1762563126092217,0.15966855724001555
64,12,Gamification,LowTide,0,2,18.539,0.6577602247017986,0.26626276690225353,0.6262917641221825,0.2998678221759184,1.8569647104542355,0.48258028784152684,0.2803340446665367,0.1662370832010054
65,12,Gamification,LowTide,1,0,37.561,2.163457996882053,1.1414149199425478,2.3033206073436054,1.160243534976498,1.4685149749607416,0.49535583690598245,0.3013223754785844,0.21671505984422085
66,12,Gamification,LowTide,2,0,26.585,1.9331298064134421,0.940885407825595,2.009500634252055,0.9584672104093174,1.587260959018634,0.5529709160377828,0.22453281920718915,0.15678465512250822
67,12,Gamification,LowTide,3,0,30.676,1.5141064288141093,0.7676425727586956,1.5705646428057782,0.7375127078228421,1.81850894545088,0.5077562384953616,0.2204303828750949,0.1365096180484403
68,12,Gamification,HighTide,0,2,23.382,0.5540033132458723,0.43268061774310723,0.5857026592280419,0.46767556520571063,1.7968617278409516,0.46293197832435673,0.24857033631057882,0.1912904851816326
69,12,Gamification,HighTide,1,0,21.422,2.0357238567302804,1.0494692866409125,2.170162001283487,1.0200285462699148,1.540504643927737,0.6649322471393173,0.21924062992114032,0.08363566120367255
70,12,Gamification,HighTide,2,0,25.126,2.1266457407486525,1.0481030543409844,2.208165741496262,1.052922299639959,1.7109442678479863,0.4758515663806464,0.2307000756338856,0.11937895615332066
71,12,Gamification,HighTide,3,0,9.766,0.3000697185006728,0.2663961352354764,0.3695765031850379,0.2796760875816305,2.015943686585751,0.1596662179847162,0.22388475013350706,0.09905821879317593
72,13,NoInstructions,LowTide,0,1,26.651,0.7337007983149023,0.2604925409969255,0.8108903738329493,0.2890011571955192,1.5749434577908994,0.460096989839142,0.23897414847637613,0.1890087792477544
73,13,NoInstructions,LowTide,1,0,21.195,0.2763491414521157,0.11387395943391383,0.32920816615072196,0.17219339109168288,1.6606169356259095,0.3327957129323381,0.2634873169089756,0.12882129180168286
74,13,NoInstructions,LowTide,2,1,23.228,0.5000017113779492,0.31408074308246453,0.5453514054155663,0.3328167999477463,1.3840008925409473,0.1904403499104975,0.17051917931871605,0.0820603168076631
75,13,NoInstructions,LowTide,3,0,21.398,0.587084164181372,0.16891229972759106,0.6643729483402216,0.1811295868425389,1.5048217879531223,0.3348399964670764,0.17434759035134817,0.07001284001937538
76,13,NoInstructions,HighTide,0,0,20.42,0.6281471685976939,0.20841455253181368,0.6673127842878044,0.19738720188413234,1.6427994092064429,0.2294623242808881,0.15524980107703046,0.07708817747838465
77,13,NoInstructions,HighTide,1,0,12.035,0.38039797481031784,0.2300348659138168,0.5159282897233334,0.2536414555820847,1.5079840233397692,0.2905556805654913,0.24910020678919817,0.08305201841042192
78,13,NoInstructions,HighTide,2,1,15.971,0.34172094985157897,0.17680548495085283,0.3555631388097109,0.1708091213321861,1.4411069961467657,0.2035987863549953,0.2465531356810255,0.1631920147660682
79,13,NoInstructions,HighTide,3,2,26.386,0.5954611621046159,0.38749632346192264,0.6275432776393505,0.4055686701243331,1.6224691914182323,0.31101837693374595,0.24251627486294125,0.1264645143704556
80,13,Imitation,LowTide,0,0,10.891,0.9045008606771632,0.37398305243486124,0.9581655633031743,0.3735966275645146,2.2883222002245596,0.38826346252260724,0.10945861190554408,0.047201178919840804
81,13,Imitation,LowTide,1,1,20.484,1.0701926562659938,0.6446909015381859,1.1981377862540896,0.6638156123887865,2.1367799413885673,0.19243696156045165,0.2698572312772065,0.12715604742966383
82,13,Imitation,LowTide,2,0,15.709,0.9184694119721515,0.3419011502047658,0.9832209928894377,0.3672770485328472,1.8613627560976398,0.4563626077802343,0.15597193898409187,0.07963241158890108
83,13,Imitation,LowTide,3,0,23.516,1.6090353628492118,0.805398506366069,1.7061958360794112,0.8437641327278099,1.7477272689683871,0.5653158406955968,0.2466738979863491,0.13445993147912916
84,13,Imitation,HighTide,0,0,18.122,0.48017818853550026,0.2276469732681941,0.5088082283601324,0.21787302109923568,2.0324493732737703,0.2643868201215869,0.1255942885182651,0.06975303354328904
85,13,Imitation,HighTide,1,0,19.409,0.464974624261597,0.15830721142523732,0.5480257627231964,0.15699860527416168,1.6594455306385105,0.4147748979302409,0.16798388194944144,0.056396247841013734
86,13,Imitation,HighTide,2,0,17.02,0.47241910265484827,0.23462240816249583,0.5061006175206084,0.23149905731504059,1.4950675472280364,0.23770638958374699,0.1374023907761087,0.07557466640831202
87,13,Imitation,HighTide,3,1,21.754,0.6171271227882326,0.21103199454940516,0.7013312173743371,0.22626962827005603,1.6278245458702623,0.3752006466965517,0.2003085474644736,0.0777374207861704
88,13,Gamification,LowTide,0,0,24.99,0.6650031458226578,0.4552827190324357,0.7230986720154309,0.47607149036590873,1.9288429350979612,0.3465790930742608,0.3982183957560552,0.3099045276688134
89,13,Gamification,LowTide,1,2,22.585,1.0859326282781239,0.5546888215868142,1.1764067597145236,0.5515542883600488,1.7771156176077483,0.2982158150425341,0.21721791096699636,0.15677476365641904
90,13,Gamification,LowTide,2,0,16.059,0.5566150552502629,0.21553145208464244,0.5871039031710589,0.22067002259015017,1.7486334771516499,0.2769057423527815,0.13504678324925812,0.0824900877258786
91,13,Gamification,LowTide,3,2,35.018,0.6268535235370619,0.37786356171823643,0.6483008508063546,0.4070949114296951,1.683686331880667,0.25805911934646103,0.15415530404554523,0.09134824912850933
92,13,Gamification,HighTide,0,0,23.234,0.3756072946130064,0.12265820790946258,0.39706218126594467,0.11056508729579283,1.777504019075032,0.26106901366273066,0.17495472617129265,0.09929077977247663
93,13,Gamification,HighTide,1,1,28.808,0.8717212731407582,0.26463178778122465,0.9003850280383472,0.28066526059898483,1.597274077961561,0.29628826185563134,0.14581506541100567,0.08910962414001294
94,13,Gamification,HighTide,2,1,27.79,0.5707218256189772,0.3077188311952576,0.5545621708465888,0.3139255608968701,1.6592908377892825,0.2201085426500731,0.16486837721369427,0.11784705667180898
95,13,Gamification,HighTide,3,0,29.105,0.23007028319140005,0.11343076017720273,0.266607262330484,0.1361942146002174,1.5831907735011965,0.29469258495599715,0.16609679822063722,0.0849298284565229
96,14,NoInstructions,LowTide,0,0,13.125,0.5463601162962016,0.21931685511292007,0.544634526244456,0.20993663893230205,1.6813725125556263,0.2600791361401599,0.18038086406501783,0.10055167083317948
97,14,NoInstructions,LowTide,1,0,14.599,0.688554097052186,0.26728400977696165,0.7413739590216699,0.259550125451186,1.6316730152059922,0.32760799797081924,0.13575200039432478,0.07271232816586627
98,14,NoInstructions,LowTide,2,0,14.949,0.8017497290356368,0.3097522094529076,0.8579256543716138,0.29932078663590944,1.6893020894619228,0.39997184148048825,0.11596735489312125,0.06572688639794591
99,14,NoInstructions,LowTide,3,0,13.698,0.8017845603052041,0.31646354077846683,0.8590022998072874,0.30898577266333244,1.4185970226142042,0.31993634792887704,0.13906990127055233,0.08861792853647828
100,14,NoInstructions,HighTide,0,0,10.297,0.15694548731273525,0.2462222873634178,0.21119690590463114,0.2511347601292228,1.225433505272124,0.08640390894358813,0.15713554829629284,0.06402174122793527
101,14,NoInstructions,HighTide,1,0,13.297,0.7191136097793298,0.27230337539637967,0.8558111694903835,0.2803945445421135,1.5331562793368088,0.35654053859363954,0.2557683735233484,0.08627879280224643
102,14,NoInstructions,HighTide,2,1,23.671,1.095830464087134,0.5345201734791221,1.2505774531941203,0.5490154975570138,1.4541049192213802,0.5079977576347353,0.3071576464072875,0.1722296693182836
103,14,NoInstructions,HighTide,3,1,15.064,0.47738020147487475,0.2617958032632852,0.5172416153612841,0.308138687577703,1.616185279486703,0.26823205141593576,0.20933474811156538,0.0945687312223053
104,14,Imitation,LowTide,0,0,18.671,0.43683410645843623,0.18451508078569134,0.47658370511934706,0.21208630382113874,2.113511361463658,0.03755777130599984,0.13330101662110502,0.049636442958308595
105,14,Imitation,LowTide,1,0,24.345,0.7145676397260587,0.314550957837755,0.8352013405947344,0.29610024382122324,2.0092812824550834,0.4129514986843354,0.217774037815613,0.08175098795153347
106,14,Imitation,LowTide,2,0,23.298,0.9897688255499284,0.4299248754974453,1.0999857650319953,0.42014179450949624,1.974023239977505,0.270004558514934,0.15009256404831767,0.04556566055642071
107,14,Imitation,LowTide,3,0,26.095,0.9240712378924687,0.42624851134359876,1.001131875213249,0.4135781145501805,1.8850933366393428,0.33848882111161216,0.13117282645746983,0.059948404195795925
108,14,Imitation,HighTide,0,0,15.572,0.3204468256993252,0.18380534586221986,0.2953201932728977,0.1704826293081868,2.464495139486674,0.06284091940288303,0.106276303568034,0.0732416887976724
109,14,Imitation,HighTide,1,0,18.419,0.6656614282475064,0.20196232662912106,0.6748471039259433,0.18202177767787256,2.4218582807155475,0.4053636544615053,0.11472966514789641,0.10649766430508494
110,14,Imitation,HighTide,2,0,18.446,0.42576688080876784,0.24489835309635063,0.4634485696106648,0.2634205022976259,2.444305472497409,0.049555733770982435,0.10165294052562407,0.04501682459809615
111,14,Imitation,HighTide,3,0,23.17,0.6608827583685009,0.396507574093653,0.6776388993794157,0.3884487083358966,2.2771673965118833,0.35849690684069824,0.07335087089054479,0.057571455415778364
112,14,Gamification,LowTide,0,0,28.961,0.21107436100008925,0.1707139452041166,0.21408247791116544,0.15837114982120043,1.659681061866623,0.23341890017184852,0.10062471971704141,0.049923705413428825
113,14,Gamification,LowTide,1,0,36.179,0.30696435880180795,0.11719046703821455,0.3309346822620675,0.10521788775788303,1.3444937896413955,0.2420582291556256,0.08287973728367311,0.07423391479557816
114,14,Gamification,LowTide,2,0,35.168,0.28567886915671964,0.1720757589726741,0.33181626685036436,0.1819491559076732,1.359196077791568,0.3707197435065501,0.10093648206662906,0.07084353274892567
115,14,Gamification,LowTide,3,0,31.392,0.27787087799562094,0.16748150731142897,0.2961380349160045,0.17250489682386796,1.4934930370906137,0.4764128212105394,0.11422109121782265,0.07833278305792404
116,14,Gamification,HighTide,0,2,52.655,0.61429015316155,0.33779478687944636,0.5589695952519425,0.3279122855111779,2.159092115140032,0.3555328675463668,0.15058218356112554,0.08270298378008527
117,14,Gamification,HighTide,1,0,80.371,0.9390585593661549,0.5233480924108563,1.0439187002527681,0.510284285413888,1.7835156212269,0.39778405755938506,0.22503032621484503,0.12738777889486882
118,14,Gamification,HighTide,2,0,42.231,0.7371974516261754,0.2285392872539507,0.8066336313581567,0.24931269888910657,1.55891987395541,0.4885256108188261,0.14007225525453473,0.07638922254543641
119,14,Gamification,HighTide,3,0,32.986,0.17489517200363774,0.1394090369481125,0.18635328747837104,0.15273647370324606,1.3121374336511962,0.30860454619597055,0.08227485718498802,0.05807527545661835
120,15,NoInstructions,LowTide,0,0,17.523,0.5045883596449664,0.2976528520150402,0.5237581854594938,0.299287561120865,2.1088428214099695,0.21284285394816152,0.1547277107274026,0.07830488669480994
121,15,NoInstructions,LowTide,1,0,22.543,1.2213088386357602,0.488006670621444,1.257073518946156,0.4727444695625859,2.141765636997916,0.17975981233385321,0.09294788906905825,0.06083111092218526
122,15,NoInstructions,LowTide,2,0,19.815,1.297752303741649,0.5126458323430514,1.3787258855511262,0.4992334909349643,1.9729072160156789,0.23591881366072556,0.14754149600962416,0.06228477759264141
123,15,NoInstructions,LowTide,3,0,18.794,1.1187274711647346,0.47455670786203635,1.1655762559088,0.4645947406897044,2.0420024496293028,0.20693351483230926,0.12262508195401715,0.07481226105779618
124,15,NoInstructions,HighTide,0,0,15.115,1.0652479370229762,0.5112896970937177,1.1226826071470455,0.5088159733485458,1.6415140869609994,0.502804750508774,0.18431092456671513,0.13011266336981225
125,15,NoInstructions,HighTide,1,0,14.273,0.7888260170192225,0.32914820911397913,0.8326870452301278,0.32759373782812934,2.005920007483376,0.2616024615142984,0.1188225089513832,0.058663237867248245
126,15,NoInstructions,HighTide,2,0,15.497,1.1823967885541349,0.5056946092920264,1.3008028788934498,0.5020328121095757,1.9575097430982697,0.27780625576714774,0.2067618307891262,0.0732491910999902
127,15,NoInstructions,HighTide,3,0,15.474,1.012897002157328,0.43486534045491015,1.1031246419172498,0.42854049328727034,2.055759616134488,0.20941605727819518,0.20740465759605617,0.08986282557965948
128,15,Imitation,LowTide,0,0,36.314,0.38043985176543754,0.1996859847077959,0.4128425096552941,0.19809183019312038,1.9951072267413168,0.05985136443992859,0.16837445250519728,0.08608325479929652
129,15,Imitation,LowTide,1,0,41.518,0.8059208497096219,0.3678392362074391,0.8470045461957537,0.3711095193125342,2.114195677290258,0.13203483598164878,0.0970460731299573,0.05163190646789234
130,15,Imitation,LowTide,2,0,25.668,0.4755092573301953,0.14640274696965266,0.5367984690737508,0.16069718625542795,2.1079733772526597,0.09063297539743782,0.13075925872995348,0.05388959225466721
131,15,Imitation,LowTide,3,0,30.024,0.26311293759964477,0.15919754666408625,0.27486374729856794,0.1430559715285407,2.1982432306399304,0.0720372963218281,0.10749530271502085,0.05235550045396599
132,15,Imitation,HighTide,0,0,24.445,0.5641982089371236,0.21527141693781618,0.6528754836765427,0.2156022739424729,2.1539714717019787,0.20132047353043048,0.20741160109142193,0.048093635308405706
133,15,Imitation,HighTide,1,0,24.316,0.45071317064330224,0.140725011204773,0.5615972455537301,0.1664926317067995,2.1828693847183747,0.07917238961349092,0.2742903868947122,0.07558032514189156
134,15,Imitation,HighTide,2,0,26.621,0.5049833650213515,0.1805382154365567,0.6316896631520903,0.2041764481792481,2.0830712942157454,0.19168896960970874,0.2235897940117156,0.0856533335691927
135,15,Imitation,HighTide,3,0,25.311,0.5538025650435476,0.21610259806804288,0.6501323365397981,0.22646485990732337,2.145111196623977,0.17538366961739058,0.20832295551562616,0.08156955716229329
136,15,Gamification,LowTide,0,0,62.049,1.005210264549211,0.3553635974145494,1.06798909289912,0.3522957569675001,1.6081015653891233,0.3626661752995438,0.1909422638925913,0.10248015484604693
137,15,Gamification,LowTide,1,0,57.897,0.6957985687763464,0.2141275687202526,0.7253138587549186,0.21286713830406556,1.7104665265690076,0.3138010064603062,0.14649509930742213,0.11296397228788883
138,15,Gamification,LowTide,2,0,47.54,0.2362963003900596,0.18976426704644694,0.2453202748259425,0.1889778196297345,1.82073435987041,0.1816596051697025,0.13981980112829714,0.07349223352774281
139,15,Gamification,LowTide,3,0,55.369,0.8967394211965185,0.3880832285054028,0.9123006616740368,0.39704437864106407,1.82542916525787,0.19855545273237418,0.10898118988195493,0.09299608569142617
140,15,Gamification,HighTide,0,0,34.577,0.27765434561246755,0.14903457143536697,0.27202780840489554,0.1696455956782562,1.6599466271556402,0.19308864975764506,0.22246159473161023,0.13677302353035525
141,15,Gamification,HighTide,1,0,27.629,0.826899367359903,0.3070936177564377,0.8641985025188407,0.28945216106077093,1.5834906745553272,0.2279999453210091,0.1306730516436095,0.08909380230592492
142,15,Gamification,HighTide,2,0,34.531,0.7009190309735639,0.27891719992423925,0.7654016182876228,0.2591700998106743,1.639373724395291,0.27408837000877395,0.2060904811878749,0.17569441140236172
143,15,Gamification,HighTide,3,0,39.845,0.6157614074407153,0.23232583729689857,0.623360931212401,0.21503886783209777,1.522663055271584,0.2123746593432695,0.14101880139410888,0.10928569664124739
144,16,NoInstructions,LowTide,0,0,22.074,0.8097350377446921,0.39426846104621954,0.9163794231520942,0.40609275850136406,1.9123730331561541,0.6185733726805148,0.20136258940332985,0.08426741387910518
145,16,NoInstructions,LowTide,1,1,25.276,0.4834861177099039,0.22030838422429042,0.6069578981913888,0.22479568896220214,2.2070057714703144,0.47408261402200635,0.23502373770576385,0.10806281340555407
146,16,NoInstructions,LowTide,2,0,13.605,0.43272953047913254,0.1850315311604283,0.5625528508517916,0.1895863668395269,1.9207167720100582,0.33838498575621684,0.2061160026314571,0.05344040445989698
147,16,NoInstructions,LowTide,3,0,13.464,0.37170564477794527,0.18790769783399042,0.47014029411308966,0.20296801636890027,1.8645933558497247,0.3362456930696939,0.17279895952050173,0.050931985343746766
148,16,NoInstructions,HighTide,0,0,11.708,0.20203156419077534,0.2135875598118895,0.2988478434233548,0.21401994613255348,0.9786125648942058,0.15346577791803626,0.1678128731166492,0.03681203812399359
149,16,NoInstructions,HighTide,1,0,16.619,1.0303212077791302,0.49714450933165694,1.1362279624926799,0.5188981430905018,0.9830407295976977,0.3200036768143428,0.16818834394460416,0.07278998200661603
150,16,NoInstructions,HighTide,2,0,12.473,0.37765701272793734,0.2143342666114163,0.531780366896826,0.2305769803479668,1.1151548055631075,0.23105627576823354,0.2307069663647778,0.04915782401275909
151,16,NoInstructions,HighTide,3,0,10.176,0.4071910133555497,0.24515749097854594,0.5027883265867126,0.2511414909895576,0.8325547419522092,0.0336364982403628,0.1455686515512467,0.043320968505527815
152,16,Imitation,LowTide,0,0,22.47,0.39335199417854,0.15385211985472522,0.45975812574747765,0.1591232066372948,2.3947118999028207,0.08098251177566441,0.14318967035432592,0.03919208264296217
153,16,Imitation,LowTide,1,0,21.421,0.6678641350725865,0.1974668589179719,0.7570975861494392,0.20366202458441282,2.335385509726962,0.15929411120422118,0.1491247256467325,0.060373872857932616
154,16,Imitation,LowTide,2,0,17.571,0.37093317479790294,0.159764509108329,0.49496829785334334,0.17817991183820756,2.3449420329459847,0.046920577122676214,0.18975524620347423,0.04118771206167431
155,16,Imitation,LowTide,3,0,17.471,0.7626303958619968,0.3032655013957526,0.8408642342510325,0.3064732892980777,2.175043368235907,0.05797858285637926,0.13307887610599642,0.05867376222978322
156,16,Imitation,HighTide,0,0,12.999,0.2600669085446928,0.1962618570689254,0.2965413666258193,0.2014989128239254,2.3673770657324518,0.062160001810243774,0.13260467972002302,0.06217098271201273
157,16,Imitation,HighTide,1,0,15.799,0.3231222750835616,0.13371408868922918,0.41674625460361253,0.13612605686386103,2.4459012496423838,0.06897127543008147,0.1544303014661139,0.0625162084878114
158,16,Imitation,HighTide,2,0,14.098,0.11797721491666968,0.1677208633349334,0.15718633633411966,0.1690752169196912,2.4371142289494987,0.06598547349878565,0.18595929171984377,0.04653245123741967
159,16,Imitation,HighTide,3,0,13.871,0.41411089744775237,0.2000935421701051,0.4961068623612687,0.21516457426662386,2.2365629676969205,0.054204161540170846,0.13469634012033097,0.05715158410876927
160,16,Gamification,LowTide,0,0,24.899,0.2853737076366281,0.18952893073146201,0.3536775386638281,0.19602020767417447,1.4251648496094498,0.48766359788465896,0.18433261527655176,0.12936480852849566
161,16,Gamification,LowTide,1,1,43.076,0.8079994252499847,0.35975699659119587,0.8818799980434352,0.3615064982567678,2.1428793628905005,0.5938001769265924,0.20208708564924244,0.1877224198790965
162,16,Gamification,LowTide,2,1,22.151,0.38743636666914694,0.20073834493005724,0.3667967466538265,0.2701974727743926,2.0254272923589673,0.25976104605907396,0.17363826582686415,0.07207092983189262
163,16,Gamification,LowTide,3,0,19.611,0.5272288162665576,0.18703003333247573,0.5892919879450915,0.19652143941089883,1.9516840855054682,0.44480856485546705,0.09785479894690945,0.04571000551666594
164,16,Gamification,HighTide,0,0,17.5,0.11920072706289328,0.1277830323947568,0.14201203756568395,0.1342910750066013,1.3933793269616064,0.5813254130442442,0.16246644209028438,0.11573315404537074
165,16,Gamification,HighTide,1,0,24.114,1.03287162521067,0.5019022479693068,1.1380247610607896,0.5008278452587318,2.05882980766092,0.5698838590089392,0.19283029852844813,0.09650453432323339
166,16,Gamification,HighTide,2,0,13.42,0.14098354615096398,0.17372208587389118,0.2596949363409071,0.176508184060997,2.2854393093829652,0.13034904438105108,0.22512433791919853,0.03176902220584522
167,16,Gamification,HighTide,3,0,15.131,0.4491029752319017,0.18973562920446344,0.5412193988441723,0.19519255954799306,2.4786635785349596,0.4176347367320299,0.14339038129778078,0.056966970126194526
168,17,NoInstructions,LowTide,0,0,22.547,0.5493141221233928,0.286974377065217,0.6077794733648902,0.29799329927462714,2.3648207819097915,0.6392311365021817,0.1223793507236153,0.05435329475317405
169,17,NoInstructions,LowTide,1,0,21.37,0.9290705890341115,0.37203102333666266,0.9860434136679149,0.3785916240649756,2.2694859222507575,0.5054667590353079,0.09992540745638998,0.03399188485692395
170,17,NoInstructions,LowTide,2,0,17.123,0.6539923196798972,0.3107454739165147,0.7493535419956959,0.3349371598660795,2.1760160473330545,0.5096011413506845,0.14804453869502535,0.04884175539751608
171,17,NoInstructions,LowTide,3,0,16.44,0.5585557742945598,0.18671172007704226,0.6120848142228502,0.19499261579338562,2.087635025409572,0.5388455051086384,0.09678138158352226,0.037985525857654905
172,17,NoInstructions,HighTide,0,0,20.929,0.5762616510468946,0.26088148264750166,0.6487860565610514,0.25599763952691623,1.631444419107729,0.48736118914905047,0.1900758959562053,0.08336323355501425
173,17,NoInstructions,HighTide,1,0,17.611,0.8298848366640651,0.3200429571158633,0.9390459297780316,0.31676739494020817,1.9549132183715516,0.34568853463098626,0.18667874772785673,0.07185976660246901
174,17,NoInstructions,HighTide,2,0,14.785,0.8084992689072961,0.32237293621754354,0.9466754849190209,0.33965336250190364,2.079379488446778,0.5851836285326435,0.21531917348412297,0.04358701080637656
175,17,NoInstructions,HighTide,3,0,22.866,0.9520645093572608,0.5120593191364036,1.0767624509473053,0.5327823868551709,1.9599928347772397,0.618947668704961,0.2095621120282153,0.06793370108955492
176,17,Imitation,LowTide,0,0,36.885,0.40047057128854013,0.23737264346849052,0.4611181216152131,0.23674690636196907,2.3078716958586276,0.41378920004478315,0.16461498575430744,0.09391234891390676
177,17,Imitation,LowTide,1,0,32.222,0.7205504455009476,0.26603479809230396,0.803577983468275,0.25117290589999947,2.5053620067648223,0.14605334145261836,0.1592798117714948,0.07600365204027347
178,17,Imitation,LowTide,2,1,39.42,1.211368839992469,0.5575360244366152,1.3098799003059585,0.591925889949748,2.015286786695397,0.6384790683827681,0.16757626383384583,0.06413082740439757
179,17,Imitation,LowTide,3,0,28.682,0.5378078798431969,0.2828028164765085,0.6098599866977661,0.2937442557956803,2.3431116083013976,0.5316248775376319,0.1349661943745454,0.05935055904992154
180,17,Imitation,HighTide,0,0,34.718,0.7135203094188373,0.2613620793828331,0.7658864852644168,0.2521757522465488,2.399339263095851,0.2622896536276108,0.1966650742489589,0.09301905016825686
181,17,Imitation,HighTide,1,1,38.018,0.5569646445347055,0.3731796049161526,0.5891802081347203,0.39325671585316524,2.233837692012285,0.406610099728425,0.11561168705743807,0.08062230409827804
182,17,Imitation,HighTide,2,0,32.419,0.34028013683755426,0.1132200512344097,0.4087584716721801,0.1198437060418333,2.498118392118772,0.4098367204662895,0.15012911355748432,0.05780045527385599
183,17,Imitation,HighTide,3,2,54.855,1.4587921698785413,0.7167089544720194,1.5381258626057974,0.715915211262794,1.8235565264360591,0.7406521615793166,0.14341268531125484,0.07909350682517235
184,17,Gamification,LowTide,0,1,67.493,0.5700589904937355,0.27010818850219476,0.6428293642078128,0.28092190456165056,1.7704781514610892,0.37881781680171694,0.1777098391345127,0.11404814173015278
185,17,Gamification,LowTide,1,2,66.366,0.7091682764428316,0.39657758097426965,0.767557242749838,0.402263147535092,1.6774239747863395,0.36948310592674727,0.1796522907015428,0.10738888583137614
186,17,Gamification,LowTide,2,1,51.36,0.6525980785101027,0.26866733012492156,0.7424157906779932,0.28278567436116514,1.5633462555747957,0.43142925721306763,0.1711608224253734,0.09919979829338428
187,17,Gamification,LowTide,3,1,54.213,0.8406937755883033,0.2630652497028139,0.8966350858349856,0.2726976737754058,1.5062949954085736,0.40345266221049647,0.14717305304706885,0.09340815248901166
188,17,Gamification,HighTide,0,3,57.836,0.8202025701600223,0.4587981326732846,0.9234472200775429,0.4736142939796407,1.3406833348924179,0.2137271603584441,0.2510681493488708,0.10436422914677626
189,17,Gamification,HighTide,1,1,36.654,0.8162822783307224,0.574713903932078,0.8808189293845098,0.6022647027169072,1.4334340625426092,0.3735494472141393,0.1280856393988808,0.060323101050436846
190,17,Gamification,HighTide,2,0,36.851,0.4766327443890785,0.31646677107606824,0.5802190555820042,0.3195751653089338,1.727990239237974,0.3712501927313604,0.20506796639596725,0.08254094198509111
191,17,Gamification,HighTide,3,2,53.992,1.3168033688196008,0.6918940852704708,1.3892191552937805,0.6999889932040515,1.4889303235496743,0.32829282251523895,0.14524332004119955,0.10564197082237549
192,18,NoInstructions,LowTide,0,0,22.851,1.0205145243180112,0.4823946639392489,1.0683475600279737,0.47778248578362864,2.4037700508295625,0.6333386410335843,0.14911890249188514,0.09457144512195556
193,18,NoInstructions,LowTide,1,0,20.027,0.6679431990401459,0.24486673060798111,0.7001685602153424,0.2306874138123355,2.7492949088410343,0.17261248787675326,0.08897903192211207,0.08207913314130635
194,18,NoInstructions,LowTide,2,0,22.696,0.6177877251575004,0.2776827755780956,0.7114349578999267,0.2846451547666514,2.5540071084445377,0.5064589327150475,0.1551129646392428,0.0754191262590578
195,18,NoInstructions,LowTide,3,0,19.218,0.7159475295441398,0.19587191006601232,0.7459082150155243,0.19323050135343886,2.6350842199117777,0.29542247385341797,0.08783655130452424,0.05374617890192528
196,18,NoInstructions,HighTide,0,0,16.645,1.0420721735104612,0.3935296373292886,1.0718817513329109,0.3738327936055653,2.3406030397442463,0.6568810391204585,0.15347333390076134,0.07430822652190107
197,18,NoInstructions,HighTide,1,1,19.348,1.3250484064365793,0.5869212311457788,1.3975664062277462,0.5474263638884431,2.384899725406375,0.5605961450388846,0.16929453830917737,0.17922963910802614
198,18,NoInstructions,HighTide,2,0,16.521,0.8945208719582454,0.32672227276108146,0.9826377288295979,0.31632440409588514,2.456634991927529,0.5617765082181171,0.16819006293733701,0.09268997958209572
199,18,NoInstructions,HighTide,3,1,18.716,0.9620738305874602,0.3330805977832543,1.0072191230802885,0.32201138460320794,2.381019247792908,0.5981530902594366,0.10626765371371194,0.07829755497572873
200,18,Imitation,LowTide,0,0,37.545,0.6898202643715734,0.21719922679876366,0.7333140136494042,0.22804581291889306,2.733024032705747,0.1569024974823394,0.11090132845643502,0.09556333743179118
201,18,Imitation,LowTide,1,0,34.824,0.7694836672197263,0.22801291002836951,0.8020167752387423,0.2162913268173272,2.6857178297891084,0.3240529813646577,0.08487945606179917,0.056084648799086756
202,18,Imitation,LowTide,2,0,26.569,0.7839602335332336,0.29006812140390464,0.8555710090045374,0.2814757916968436,2.616136074245068,0.42130347958187536,0.1295721644090382,0.08332326978086052
203,18,Imitation,LowTide,3,0,25.045,0.7514244977310799,0.25791035434247533,0.7813391708750086,0.24712463803751453,2.7322226625297423,0.17330795441308086,0.07778587465127401,0.04634998354479012
204,18,Imitation,HighTide,0,0,19.547,0.6296398293183914,0.23003025178069542,0.646995571120402,0.2170344338867503,2.3074362043202274,0.6385619064390842,0.17462909522689823,0.10869409513537104
205,18,Imitation,HighTide,1,0,24.873,0.9704059342134609,0.3662763344400004,1.0651930277844541,0.34131315225216535,2.7200878625813845,0.3437564150972408,0.254298682220645,0.1320086041282783
206,18,Imitation,HighTide,2,0,19.957,0.5120585001861305,0.1479389328900809,0.5768815616969776,0.1580797003596787,2.5750432909019465,0.17379647128636783,0.14770260613796896,0.0594675347347207
207,18,Imitation,HighTide,3,0,17.951,0.686755604867567,0.23679373142231264,0.7242387668368977,0.2279781308787957,2.5719189860223635,0.4230857167743324,0.0994926291164498,0.08450915372521106
208,18,Gamification,LowTide,0,0,43.381,0.8490206928069142,0.24910375435572704,0.9343942276106127,0.23771417593734254,2.4116778062011273,0.689235737257723,0.1732303443826606,0.1146871212278051
209,18,Gamification,LowTide,1,0,38.887,0.4097448650870522,0.17595528997749985,0.44218126638252714,0.1765436119176806,2.6585986387479297,0.419491029814012,0.11947294947720202,0.09058603138957619
210,18,Gamification,LowTide,2,0,24.908,0.7448402290423435,0.27403920863682707,0.7984026188388657,0.2459212166240987,2.6365275143552585,0.2907805286587406,0.10241996655254468,0.0605973004641446
211,18,Gamification,LowTide,3,1,43.179,1.3143018927888976,0.5238254686882075,1.3474231673694044,0.5509810284270582,2.229990079709129,0.6924139088221,0.10992022620974193,0.07996833828992382
212,18,Gamification,HighTide,0,1,68.849,0.3944118219539286,0.22014821051442024,0.3788975480309043,0.20078031959961234,2.3288422184221473,0.6318840409579352,0.21072315866990038,0.1961135080524643
213,18,Gamification,HighTide,1,1,75.065,0.34869498917148306,0.27341717830242623,0.44555364734269765,0.27532015427445305,2.7000485323004098,0.3861011144644561,0.21183228427546105,0.13081542647249422
214,18,Gamification,HighTide,2,0,32.702,0.6460601722550747,0.2665937816696916,0.7210931290221132,0.24847663982860876,2.586436423013971,0.39568398424132023,0.1911948707402532,0.07808605777087213
215,18,Gamification,HighTide,3,1,55.162,1.0818607773310978,0.4088942153659423,1.135925944902124,0.4177863760006947,2.5029424820047668,0.5288724419155468,0.14806245788621608,0.10894485520159171
216,19,NoInstructions,LowTide,0,0,8.632,0.34928247532086454,0.297456059032962,0.31650889762621015,0.2919164259882555,2.0439917273048347,0.1388652110427402,0.13529597383704428,0.05778517248220288
217,19,NoInstructions,LowTide,1,0,7.512,0.21222501538170735,0.30975368858782587,0.22319957114325134,0.3080816954599273,2.0741225474576415,0.10411186840739275,0.12393743517390235,0.04808927715982035
218,19,NoInstructions,LowTide,2,0,9.142,0.8989806062684434,0.349144609412362,0.8725287735344662,0.34344520341779755,1.967442015718317,0.16480548239472373,0.11458496536643903,0.06794062133072755
219,19,NoInstructions,LowTide,3,0,7.023,0.5137366265822324,0.2983127141401485,0.45029440815274585,0.29013098455331293,1.662904289897545,0.5415373784450118,0.25767685475721164,0.22704571633261547
220,19,NoInstructions,HighTide,0,0,14.667,1.5212482340052103,0.6379424455551032,1.507923110055219,0.6468831225049094,1.16554640016553,0.28921921412088103,0.10497673157519447,0.0891865588092627
221,19,NoInstructions,HighTide,1,0,9.235,0.49928954037894174,0.33127653153046177,0.5283374637093513,0.3434658160532508,1.7782246712430207,0.1641440938520188,0.16749685892573,0.10948016223434771
222,19,NoInstructions,HighTide,2,0,11.203,0.9591715965273854,0.370228242518457,0.9541048009412266,0.36203454062843304,1.6101158041226562,0.14525228078865127,0.11544497828172229,0.07635923895928995
223,19,NoInstructions,HighTide,3,0,9.923,0.8873056880966448,0.3876727653746562,0.9429356013390425,0.38359335735465827,1.612629408425047,0.2787718266413286,0.13065317250531408,0.054395808199217785
224,19,Imitation,LowTide,0,0,12.244,0.692523443402061,0.41636125625322634,0.6538810678744604,0.40277107624523906,2.3825439640959347,0.06727775498545546,0.10947963687463687,0.053018631464419604
225,19,Imitation,LowTide,1,0,13.31,1.256259292614265,0.5189132486088402,1.2967657382369413,0.5026638617117303,2.3873116686480524,0.13292988757948657,0.12530828424023846,0.07647514964060494
226,19,Imitation,LowTide,2,0,14.313,0.776470959922116,0.2341236442495601,0.7401482034566088,0.22594498647464417,2.3779972501693494,0.13050330143410227,0.12852742485755833,0.0856784365344323
227,19,Imitation,LowTide,3,0,15.232,0.7052799145924663,0.33994583652212157,0.7145662548871867,0.33555672255423324,2.3767856330892134,0.06300347637664377,0.06998378179126002,0.05144117331940807
228,19,Imitation,HighTide,0,0,27.998,0.7834084554741785,0.2246814707493937,0.7385715227212097,0.21743336041334643,2.1501186929882636,0.2597896661639178,0.10434151074659152,0.05058685979393168
229,19,Imitation,HighTide,1,0,26.165,1.1999652996449681,0.5428699382874043,1.239968943600854,0.5773458773067213,2.0171209388434432,0.380596500060648,0.18295549832094088,0.17010855410344886
230,19,Imitation,HighTide,2,0,18.898,1.1362454061854075,0.38715086675960914,1.1104772104225262,0.35444209240897506,2.3526162421994674,0.0616049377826222,0.12875711052435582,0.04088805546981469
231,19,Imitation,HighTide,3,0,14.978,0.7786481493913416,0.24523023484296322,0.8119668463808936,0.2379494444393358,2.1427644248223294,0.14347248145701302,0.12689399456254247,0.1263526510210749
232,19,Gamification,LowTide,0,0,13.079,0.6106342480034065,0.25927135443143406,0.544778631985923,0.23916817991214714,1.7764924048110609,0.08865952625381428,0.15106176160656212,0.055371254040434914
233,19,Gamification,LowTide,1,0,22.339,0.6602868111797061,0.35551833641421665,0.6499286559157401,0.3486980679770248,1.8625040127596546,0.2917311314268933,0.2051182168721759,0.12450108663364819
234,19,Gamification,LowTide,2,0,35.767,1.1598742657209642,0.37346124622133964,1.1395768768375791,0.35521068549154616,1.781747305109557,0.23279461155000658,0.18055021573433397,0.06904772165808747
235,19,Gamification,LowTide,3,0,30.925,0.7038352777536319,0.2355535470741915,0.702985241719695,0.22331678847249894,1.8783767187274611,0.19539405416617964,0.15255067766102004,0.11425603129873381
236,19,Gamification,HighTide,0,0,12.7,0.5956859583501067,0.26790500824365776,0.555838473720618,0.2604154357375449,1.8986359589726465,0.13779165629307505,0.14746612306033297,0.06741737867072606
237,19,Gamification,HighTide,1,1,11.946,0.4251740083392804,0.25406685425356096,0.38777781723127874,0.24805295591070808,1.745538759593598,0.3274165775585038,0.1783590964948081,0.1396341992470783
238,19,Gamification,HighTide,2,1,30.892,0.6456780162470003,0.4113730612056279,0.6260620145807989,0.394840096369609,1.5327886488386304,0.32675110132809965,0.14810365391354785,0.08308230879868986
239,19,Gamification,HighTide,3,0,12.04,0.3229974377996426,0.24597292997734443,0.2970275240279851,0.24933609643603505,1.7955297233970016,0.03881205071693883,0.0735833212598573,0.03211340245078941
240,20,NoInstructions,LowTide,0,1,18.705,1.0631312240304984,0.6093336420916767,1.1054275247034768,0.6127502415931882,2.6860964672325105,0.22970356968011582,0.16596550926465628,0.19019165351829806
241,20,NoInstructions,LowTide,1,0,9.699,0.43877280460534185,0.373444058692603,0.36534574782127016,0.33521084327820555,2.6273214563848057,0.14678604437049078,0.19244929601356398,0.02742901149849601
242,20,NoInstructions,LowTide,2,0,16.64,0.9972435649311298,0.3520355914077985,1.0337736948693506,0.3312741783569102,2.4082728312456156,0.497215736859006,0.09265555444922098,0.04487429909191307
243,20,NoInstructions,LowTide,3,0,20.853,1.4147772593982746,0.6514246964885408,1.5906963390049151,0.6665105987941506,2.1290263817306054,0.5808907089959856,0.2649087275112834,0.12919077534191759
244,20,NoInstructions,HighTide,0,0,15.943,0.7645459059522756,0.29780549822577906,0.7940029259932845,0.2916888627166855,2.114307722486119,0.498708094738564,0.07427770108328863,0.03772682471270942
245,20,NoInstructions,HighTide,1,0,11.61,0.3281229328521714,0.21260519353848426,0.35340386466827467,0.2383106277305679,2.643948109474351,0.1537048787916391,0.15225670228446483,0.05415322580965132
246,20,NoInstructions,HighTide,2,0,13.651,0.8196666925065744,0.27208911267265606,0.8388623064832282,0.27810243569427373,2.201478435313199,0.5382586317515619,0.06433010209063736,0.033225544572485666
247,20,NoInstructions,HighTide,3,0,11.768,0.21531207807285288,0.26813492046066634,0.21665430923516457,0.23473494837990314,2.244198568850239,0.21095257680580085,0.1670810543637103,0.03213011285863538
248,20,Imitation,LowTide,0,0,26.867,0.7092233839565218,0.39925435999931247,0.75673246477992,0.41392933345087,2.7000102169264233,0.048899220138932296,0.10936744740052541,0.03869381470997866
249,20,Imitation,LowTide,1,0,22.455,0.3698085973852372,0.1358910137377733,0.47457492125080575,0.1256394740241262,2.6528758143786875,0.1271259128341187,0.1661873085758041,0.049060855540742826
250,20,Imitation,LowTide,2,0,22.442,0.42888251294695395,0.13925671174635315,0.4563139037181543,0.14047837181682818,2.3530070168099524,0.08822616495994981,0.0709938827343048,0.03243819536712954
251,20,Imitation,LowTide,3,0,18.173,0.23157982816840694,0.16322475348435453,0.25288376155211706,0.1471848695086899,2.364501829618722,0.10425138077735673,0.14068290630172173,0.04217224383079738
252,20,Imitation,HighTide,0,0,18.18,0.3753043402156188,0.19587508844797755,0.3848941588975228,0.18403747247035188,2.477640284392764,0.09369224702261517,0.05556544054698717,0.024067188018354446
253,20,Imitation,HighTide,1,0,16.59,0.353829652563136,0.18478546733994464,0.3999817564359869,0.2052345544890812,2.391881561379147,0.056864364285016566,0.14010501786038743,0.04224903081748082
254,20,Imitation,HighTide,2,0,24.261,0.7830689005263598,0.25210550223665185,0.8124829469301413,0.23608577887225138,2.3612558274782076,0.43515681703897136,0.07638864347008868,0.03787516517018277
255,20,Imitation,HighTide,3,0,20.826,0.4947589007489524,0.18578520030128953,0.5499026438223691,0.2231528115166772,2.375004441371699,0.15925176993267817,0.1564432679139883,0.03718938483870417
256,20,Gamification,LowTide,0,0,50.662,1.0887903080908583,0.40458604655543584,1.1890719177370181,0.4028629704920867,2.328400499757424,0.2723448058495343,0.17497735665931485,0.10219311900997793
257,20,Gamification,LowTide,1,0,36.948,0.2181935680960832,0.16227470028471044,0.19624789044140514,0.15563863926269778,2.3713943276934333,0.2003350084631607,0.1375574016550397,0.0923057247981842
258,20,Gamification,LowTide,2,0,33.952,0.5033875930599419,0.14823043656724566,0.5512237814576959,0.1409492988705141,2.047108883104625,0.35809189579598877,0.10647119366052134,0.06883572882675604
259,20,Gamification,LowTide,3,0,47.596,0.32622378380954037,0.18247757027908762,0.3887440776954428,0.20965564790403005,2.175550597770532,0.27457697013924887,0.16794707471418252,0.09747665743880472
260,20,Gamification,HighTide,0,0,34.945,0.9384828015464385,0.35156032429954437,0.9972355049486586,0.32236367760441914,1.93215728164666,0.43114841477738425,0.12112293812836109,0.07971295518116042
261,20,Gamification,HighTide,1,0,32.788,0.20129952330660295,0.1576305352941648,0.18524894782656937,0.13818171578734983,2.014222385966662,0.1520223795513398,0.13129686889235778,0.06236530270582412
262,20,Gamification,HighTide,2,0,36.725,0.8578935442499912,0.23196834662554278,0.9092426190669494,0.19612825668511374,1.9676665957852464,0.46745446318152595,0.13600023455278057,0.08703724691670345
263,20,Gamification,HighTide,3,0,34.915,0.40310185320980635,0.21868189702435717,0.33142877862460773,0.19392203367143268,2.109523833959431,0.24420874117950653,0.1475852638701127,0.04926828955854758
264,21,NoInstructions,LowTide,0,0,13.843,0.7501298845597633,0.27448587514070344,0.7081833512959932,0.26467517865642104,1.7266302977364498,0.5834877203059398,0.09682560096753809,0.04229002601009923
265,21,NoInstructions,LowTide,1,0,10.393,0.32585815640102184,0.244507221791018,0.32719547450985514,0.25342237564622194,1.8980955769268393,0.27013627064924944,0.2170494010308125,0.14364892966973627
266,21,NoInstructions,LowTide,2,0,12.553,0.956034986078869,0.3161487075630783,0.9724273112403212,0.30524064237308357,1.8994687394076402,0.33969579238491177,0.15208654990046572,0.11283894225028185
267,21,NoInstructions,LowTide,3,0,10.223,0.30250549339322735,0.260408826735867,0.2501235756325179,0.26283169921099364,1.9416446497783357,0.24956501633187048,0.17119088103144153,0.1540413194946903
268,21,NoInstructions,HighTide,0,0,11.435,0.7390377637458992,0.3051847575151977,0.7023264479120921,0.30087432130755126,1.8743733630870036,0.6201512155911235,0.1591443356407124,0.09790888074767774
269,21,NoInstructions,HighTide,1,1,14.438,0.5883594101702164,0.26832320957543304,0.6150557391922689,0.3114653394404903,1.8179194451150638,0.36280730779434617,0.20256837402363487,0.1288067991294677
270,21,NoInstructions,HighTide,2,1,16.708,0.5759301035310073,0.4288886281665453,0.5533908585543859,0.43563284699825877,2.0931171559993698,0.33207073833030015,0.15352540264343015,0.12006262743959338
271,21,NoInstructions,HighTide,3,1,13.429,0.6766919872946591,0.32585002779855254,0.6879811385111927,0.3799345807205867,2.0062156233230026,0.3513679114361275,0.2660218722954374,0.1684907284520752
272,21,Imitation,LowTide,0,0,13.797,0.5897779202018102,0.1826454946741252,0.5314452571734246,0.18323626943346505,2.0436462482429096,0.40198809488108955,0.16384329841348674,0.08823775782350567
273,21,Imitation,LowTide,1,0,12.406,0.29410799424912365,0.23726177593457107,0.2712072915467685,0.23299925274550978,2.1920011516815316,0.1286859183876805,0.12496672275302423,0.0880574866854937
274,21,Imitation,LowTide,2,0,21.612,0.9093186755810342,0.28450518341403247,0.8965635821776832,0.28339102924516274,2.020243007510704,0.23169495163020756,0.20307227756632767,0.20161049542082587
275,21,Imitation,LowTide,3,1,23.209,0.8489382216062689,0.44853517178010965,0.875497889874795,0.5176843043317518,2.217033295970275,0.10440368644897166,0.3462163082763576,0.28696877502935075
276,21,Imitation,HighTide,0,0,21.699,0.6160926219017769,0.1430196353275836,0.5793510275626103,0.14220805983106669,2.050557579007193,0.4272598094836424,0.14032039082602743,0.06818188263819845
277,21,Imitation,HighTide,1,0,20.099,0.49629810581230144,0.18555101178747502,0.48996886063404416,0.21506835847829345,2.1456000209805954,0.21933037552185117,0.15301744368771486,0.10816999056363467
278,21,Imitation,HighTide,2,1,26.722,1.1615934723958,0.4599527241984753,1.1621578017183378,0.4619682532486042,2.14228420477109,0.2828489142898145,0.1898052467556298,0.11994879450381292
279,21,Imitation,HighTide,3,1,23.83,0.509651361456385,0.361924277242071,0.5018344567505771,0.40022231124045093,1.854579480374373,0.6806601895454241,0.23524964490299893,0.20322611785936404
280,21,Gamification,LowTide,0,0,29.709,1.3115668174271178,0.48393919843119443,1.2887922882670089,0.47873795069794245,1.4159594025291016,0.5686189753429196,0.11603611782845746,0.08653033013869547
281,21,Gamification,LowTide,1,1,19.407,0.5452036328472729,0.2746494130930573,0.5446109066514906,0.2943764841507584,1.6450922503286518,0.3060266732293752,0.18288727286808634,0.12436962945164497
282,21,Gamification,LowTide,2,0,21.901,1.0490496722940623,0.4527335111889856,1.023354179270353,0.4436116162811641,1.614611165678835,0.39544843037278127,0.147743214371779,0.08786182117635584
283,21,Gamification,LowTide,3,0,13.991,0.5359295059597823,0.1902870364028156,0.5091653668846708,0.20742306618643727,1.7069365462158237,0.21851198104372221,0.21537924592264746,0.13331045821225876
284,21,Gamification,HighTide,0,0,18.191,0.6240559618088781,0.16137685569306545,0.577383698819247,0.15908903748192887,1.2936524433787104,0.2509942507962478,0.14075896000145702,0.08471081816169795
285,21,Gamification,HighTide,1,3,40.42,0.6841855285153833,0.3575356048082672,0.7039032129715763,0.37937105749463435,1.2160199016189286,0.2470921067940639,0.16955894481224212,0.12875284400341325
286,21,Gamification,HighTide,2,1,25.089,0.4849603284967441,0.27491684325106797,0.44443280168387317,0.26096080508557196,1.4623001092718817,0.3058847226684381,0.228802711206758,0.19288983476596372
287,21,Gamification,HighTide,3,0,16.874,0.2540553427442351,0.17693614180698583,0.23600898001799586,0.16460884212538032,1.5286321726870327,0.17955008476012327,0.11080539512441036,0.0693048961115769
288,22,NoInstructions,LowTide,0,0,19.866,0.8966891673629795,0.4068434730264662,0.9355477320827174,0.4280198750810353,1.1516314252877105,0.270638548959906,0.09726968129152148,0.03519839443324696
289,22,NoInstructions,LowTide,1,0,17.173,1.1003023326571955,0.4642058606170805,1.2068906330906524,0.46747137108262116,1.0886303464980707,0.23064715621902843,0.17366007250611976,0.10921088156292162
290,22,NoInstructions,LowTide,2,0,20.923,1.5102955572266907,0.6107086240881767,1.6427657064547498,0.6255794343303822,1.1115197362482934,0.1716844532972562,0.19869081123583782,0.050618688546637695
291,22,NoInstructions,LowTide,3,0,12.098,0.4606161228716964,0.26289843285156816,0.462870575970528,0.29626177551218064,1.2187915320172378,0.17587305391765773,0.13495132216246677,0.0403180079159258
292,22,NoInstructions,HighTide,0,1,17.745,0.4931008159426534,0.30812833134970924,0.5283232097995073,0.33174486864719965,1.4910379728314533,0.22292767991741805,0.15627825880118035,0.11157674273719785
293,22,NoInstructions,HighTide,1,0,13.979,0.2782001111651966,0.17994583169431194,0.3903887596926943,0.1931387922294145,1.1824445983575256,0.10220173366325577,0.2093660889720539,0.03445701986148476
294,22,NoInstructions,HighTide,2,0,26.834,1.5914121424196765,0.7776159545605161,1.704091257543838,0.8026909949196283,0.9396761175852657,0.1505163669040694,0.17796482270727781,0.05978398369893478
295,22,NoInstructions,HighTide,3,0,13.999,0.24837761328024677,0.17856362695407296,0.3146771948448183,0.18960950121277415,0.9405899233793968,0.046306532645333756,0.12840269937289064,0.036830801131598284
296,22,Imitation,LowTide,0,0,13.334,0.41108871896001703,0.18991444062062715,0.44414014278931135,0.20283024889552279,2.6335925898081776,0.11973579291765152,0.08990108632943138,0.039471604279815435
297,22,Imitation,LowTide,1,0,11.143,0.18405930237394977,0.22266426443968507,0.2880135171993787,0.2269147450221389,2.6455106321755384,0.08814197050467953,0.2143503658020805,0.038289239227318014
298,22,Imitation,LowTide,2,0,10.653,0.2754066641438747,0.23345871217280983,0.21341338500963922,0.2353171602181986,2.371119646641109,0.22012560169625295,0.1743390738808069,0.08058031528744565
299,22,Imitation,LowTide,3,0,12.352,0.29492592145072594,0.17522664436384056,0.21677296055660902,0.18596335572458098,2.4011988045023838,0.2186372480226365,0.18494144924188283,0.11759207892813084
300,22,Imitation,HighTide,0,0,16.355,0.4032559571269206,0.16305250643381244,0.418440525232912,0.15660356081413382,2.4991910104375785,0.056589678438082436,0.06767058473318044,0.029446376995028906
301,22,Imitation,HighTide,1,0,22.045,0.9566697767685531,0.4275620324024268,1.0770947444186383,0.4469550420178124,2.515490602276335,0.14209520196320125,0.20619078190161275,0.06650690639346424
302,22,Imitation,HighTide,2,1,23.109,0.997086086043999,0.5405961518607643,1.085378924210105,0.5897653632664157,2.2242932580421013,0.3365860111913627,0.2816385396290282,0.22359036910133454
303,22,Imitation,HighTide,3,0,15.008,0.3473003110306612,0.17821967274292524,0.39306748933499724,0.18327734256388978,2.469998233212981,0.06983002047122665,0.10920580334019064,0.03950744622199347
304,22,Gamification,LowTide,0,0,20.861,0.4533494263371887,0.40378410195109754,0.5471156530636779,0.47401842081770823,1.5134158465919,0.2098731044501144,0.3089760415288249,0.10615709524155378
305,22,Gamification,LowTide,1,0,18.663,0.8409939660003094,0.3684190973262954,0.9500617597114688,0.37810328978648516,1.6269446558723017,0.1272492585313359,0.21411515601608225,0.12043791391089964
306,22,Gamification,LowTide,2,0,9.978,0.24810184447565967,0.2696011702936549,0.23459086025004777,0.26560365263336894,1.5983997621043755,0.15061357692124308,0.16226607635407206,0.036930154315239966
307,22,Gamification,LowTide,3,0,11.602,0.2313966579117767,0.2102159756439587,0.27593857298022445,0.21421361118520085,1.5584411441536168,0.29237651240019197,0.10038319251544961,0.03787630779868706
308,22,Gamification,HighTide,0,0,44.434,0.3929162306744952,0.272381157603926,0.6627812615035396,0.2816873518367564,1.7158002462839976,0.22470271345381748,0.46659636603236365,0.07425672379760281
309,22,Gamification,HighTide,1,0,39.346,0.6440662291014223,0.3011269575633088,0.8097880416596607,0.31361666079968403,1.68296489355259,0.2761517173003628,0.29725189360981197,0.09644998462643146
310,22,Gamification,HighTide,2,0,38.341,1.367181208413941,0.49908764556069285,1.571655271950801,0.5493432205225867,1.5340891973022162,0.422337143405587,0.32093196836074284,0.10753888454682066
311,22,Gamification,HighTide,3,0,33.655,0.6070831960536535,0.3878141054754502,0.7073958850790671,0.43411003493002825,1.7945474724521477,0.13210923702053098,0.24723298272191963,0.1290984552926427
312,23,NoInstructions,LowTide,0,0,24.595,0.2681251789597746,0.12592454437044684,0.3451502794584534,0.14535685015456645,1.7919802004048306,0.050818563302098274,0.1886161392421211,0.053062083336032635
313,23,NoInstructions,LowTide,1,0,23.677,0.32347957737098426,0.1655576605212226,0.3620765033702639,0.20187527159250315,1.8929766024929524,0.03076111003760588,0.1463853196939384,0.044901287128655286
314,23,NoInstructions,LowTide,2,0,30.777,0.5957595074345688,0.1686773957334843,0.6977597859330652,0.1726892070794073,2.003341360872403,0.22736900763236698,0.16388492991364548,0.05496203060238898
315,23,NoInstructions,LowTide,3,0,25.79,0.5513457046511732,0.17852928543182345,0.6051879400478175,0.18009507861310067,1.8292479771003725,0.23290010743864858,0.10165711262718126,0.049203684445354286
316,23,NoInstructions,HighTide,0,0,25.564,0.7770591550538833,0.27423253915934676,0.7630365062043629,0.27966990648514556,1.839111766927113,0.37894560483991147,0.0748679712412737,0.036508452207681306
317,23,NoInstructions,HighTide,1,0,18.871,0.7541709718027266,0.20363160735680544,0.8158585533310488,0.20119150716494108,2.123569706826733,0.05340650002809062,0.11369644960844376,0.05105267672875081
318,23,NoInstructions,HighTide,2,0,18.467,0.8141947520215228,0.24628317596371685,0.8332243892746405,0.23932069879837545,2.167075708970861,0.1162951548178672,0.08485909317861909,0.05989111656519376
319,23,NoInstructions,HighTide,3,0,23.785,1.3541301102159615,0.5536936426912533,1.3503365538041276,0.5519846110813836,1.9781226304266863,0.3335081106998645,0.08473822994161638,0.04579850316272865
320,23,Imitation,LowTide,0,0,27.955,0.7347213158991317,0.3326983704934996,0.7030594956500369,0.3231594332523787,2.5807809506891637,0.055813015543663816,0.09042188116474818,0.03927536717923678
321,23,Imitation,LowTide,1,1,36.032,0.6074885761735461,0.32754723662461954,0.6111817333182874,0.3872156830894742,2.060256976355904,0.5614148710132117,0.1586609380925488,0.09729817451619807
322,23,Imitation,LowTide,2,0,29.585,0.5336227704152765,0.15964697782709786,0.5575473377585959,0.1550476593528774,2.386438516771333,0.151719766019367,0.09167138686730329,0.05308859548116967
323,23,Imitation,LowTide,3,0,25.688,0.6195686860670532,0.2850759405375601,0.6067225619378884,0.27621771135691503,2.313627586083409,0.10367667410067082,0.06895705918033655,0.03049089383063705
324,23,Imitation,HighTide,0,0,25.834,0.867093986535368,0.30305699937830066,0.8451752706420558,0.29420873845213896,2.390513795265668,0.07745756030003005,0.09423969907184297,0.04644571661773736
325,23,Imitation,HighTide,1,0,25.033,0.8638797475405502,0.28735486155580137,0.8586963964539502,0.27687430216694087,2.198988593587022,0.2606636251462326,0.07054950347226889,0.05335598857018912
326,23,Imitation,HighTide,2,0,26.306,0.9391069335470538,0.33611588438039747,0.9639409401461723,0.33021487673864175,2.343415847254613,0.13229837847032178,0.08548842802761043,0.046625786607066795
327,23,Imitation,HighTide,3,0,24.964,0.8981869262109262,0.2723231836502159,0.8772981599798549,0.25927393045912356,2.320379235030075,0.3868655093673089,0.062165196366562855,0.029716894768556792
328,23,Gamification,LowTide,0,0,47.321,0.5310246771653019,0.32197517096867734,0.5351335411698408,0.3144610963399797,1.6404340839409368,0.12349698527692532,0.0666337913468039,0.04294033146945335
329,23,Gamification,LowTide,1,0,38.92,0.6988567136997175,0.2055755171202787,0.7837887932219064,0.19937553476838052,1.656207827431617,0.1406895871226928,0.18698494115062947,0.10971924393809612
330,23,Gamification,LowTide,2,1,62.995,1.6025781614826107,0.7851724908223207,1.6972072106583647,0.8047632199265544,1.6826421659324635,0.23288698623980505,0.16282282060079176,0.08722426107106322
331,23,Gamification,LowTide,3,0,26.465,0.865793618824457,0.2774115997650787,0.8697779854307238,0.29020879496076124,1.7904401686827491,0.2362232443330115,0.07833854645561542,0.04602980333616479
332,23,Gamification,HighTide,0,0,23.39,0.41342963861268617,0.14412195164087682,0.3570681164709566,0.1270428231783741,1.84007604259417,0.1518202296940419,0.10724537164414255,0.049677203018964486
333,23,Gamification,HighTide,1,0,21.427,0.824860831923917,0.278626185535781,0.8382438737994236,0.28098796323625125,1.9316617104269176,0.08560258541770059,0.05477138167899634,0.02896598832511125
334,23,Gamification,HighTide,2,0,18.071,0.906471779683201,0.22914221603205764,0.9019475416927483,0.21986149027034405,1.8792336182025071,0.1872066656035374,0.0734858989591143,0.04806840723061763
335,23,Gamification,HighTide,3,0,21.034,1.2005871005809425,0.44175656163318,1.1780247080988493,0.43669598660314707,1.8418302800988777,0.1410829431063823,0.07825254721493538,0.029868273259591724
336,24,NoInstructions,LowTide,0,0,12.951,0.8480964552100869,0.3817143930782509,0.8060298074849658,0.39748183103800094,1.6193703069531913,0.09762918898473223,0.09241052843580491,0.06421499266302061
337,24,NoInstructions,LowTide,1,0,13.957,1.2050699985289612,0.47645664298269635,1.1699256768113857,0.45188499188186426,1.5703120619986433,0.061071567352977384,0.10728831970645576,0.05848262767278642
338,24,NoInstructions,LowTide,2,0,15.887,1.0519498379956098,0.5309469261735449,1.0823141587169747,0.518512220538258,1.5833610474917856,0.06875881173177385,0.1245662078087525,0.11643900947108876
339,24,NoInstructions,LowTide,3,0,13.554,1.187069062666919,0.45261525353333704,1.1329282594469556,0.4372152389620043,1.5487034089742984,0.04219130527553219,0.10687766595037934,0.05159115283166866
340,24,NoInstructions,HighTide,0,0,18.58,1.5303353000239033,0.6347624687105234,1.5197030360091646,0.646741445873936,1.4365880959150048,0.16671110088219318,0.0778252022843836,0.03687485837742571
341,24,NoInstructions,HighTide,1,0,21.555,1.5632526575151036,0.748433917335036,1.5849941490873305,0.7187543566240668,1.6500914324776164,0.09901359421852028,0.15659299778710142,0.09279751497731648
342,24,NoInstructions,HighTide,2,0,10.467,0.38751712560947055,0.25275631360347317,0.3984070059240372,0.2503057914113916,1.6661769430378075,0.023995736039424176,0.07208425100486422,0.03938084353292035
343,24,NoInstructions,HighTide,3,0,12.493,0.8904959211116011,0.3291868944309093,0.8382920935155777,0.3298245581184937,1.6770929890100625,0.035950753659754295,0.10729197248458724,0.05368335294461759
344,24,Imitation,LowTide,0,0,29.307,0.8037079355546983,0.23574294002444118,0.7623550496247211,0.23828623771700194,2.217978572567068,0.11808497730024227,0.09198537821829028,0.053879416809734446
345,24,Imitation,LowTide,1,0,28.264,1.3307297616225369,0.5096768292563197,1.2969682287708355,0.5066484407735692,2.2630126896868843,0.10960886180530365,0.11587389135180323,0.04821665630713541
346,24,Imitation,LowTide,2,0,25.211,1.3018734231462912,0.5834757684768545,1.3110431551832038,0.5789312329015515,2.1968736443188264,0.10738966417915126,0.12000724809162419,0.06479623662917676
347,24,Imitation,LowTide,3,0,19.776,0.9700643541146141,0.35193429627648276,0.9164283575582749,0.3366200012264194,2.1602491233397325,0.1596992364028063,0.12226895249747888,0.05198936292305497
348,24,Imitation,HighTide,0,0,24.369,0.6861603991852989,0.33689153322712295,0.6724293315283144,0.3404288775622571,2.433395769880773,0.09641121744951918,0.09683933962413521,0.05668887643076782
349,24,Imitation,HighTide,1,0,27.927,1.3978529468868046,0.6529800115598358,1.3858792352977074,0.6387335135806695,2.3746664367626424,0.06124023392428629,0.11304555117865352,0.05048791043211669
350,24,Imitation,HighTide,2,0,17.416,0.8438400747790554,0.2487136568609071,0.8409475524953265,0.24452736141518203,2.361088903835833,0.09934080535979511,0.09924122259397017,0.05393175121582057
351,24,Imitation,HighTide,3,0,20.335,0.9056261855855812,0.32049193735845805,0.8458700208956099,0.3048154236536901,2.3781498500597604,0.06513965039517233,0.10637465327240302,0.047854941735296336
352,24,Gamification,LowTide,0,0,32.036,0.45054533551875997,0.115517866036139,0.4715851607014338,0.12155268580505367,1.569016808142718,0.05865363315715226,0.1190968192399599,0.053524971949709635
353,24,Gamification,LowTide,1,0,34.275,1.034135340596405,0.37730977173988717,0.9482868881849575,0.3541283571404146,1.495746264159289,0.07472452796307959,0.15041315120673446,0.05513626319314312
354,24,Gamification,LowTide,2,0,45.353,1.1017282994020952,0.3583042944052302,1.1821247937707715,0.3791408222306145,1.566878753474646,0.09860811628625862,0.15631257604756207,0.11697983576257165
355,24,Gamification,LowTide,3,1,44.159,0.49855625904635575,0.29510737005308324,0.4658895070124426,0.2900333668768364,1.3584899664682615,0.23519238746310867,0.11230549874900421,0.11034977161156691
356,24,Gamification,HighTide,0,0,62.229,1.3480624528608434,0.511844373318677,1.3414074567864418,0.5236473651215102,1.4524791450010621,0.17134101321908687,0.13556262003861308,0.04611865917736093
357,24,Gamification,HighTide,1,0,34.193,0.8406351471336542,0.41736843405656027,0.7677714789304525,0.403010245368217,1.5914204922736106,0.1770385848248076,0.15031908167672914,0.07792728013344129
358,24,Gamification,HighTide,2,2,60.322,1.5204098076128543,0.8345381734615076,1.5531143998558052,0.852056088557993,1.5213934907793254,0.12091732719509471,0.13132752013999216,0.08292315622896274
359,24,Gamification,HighTide,3,0,40.58,0.7050931461933808,0.22922792057242725,0.6724926255471867,0.20632345028184595,1.4668661783994252,0.09928136856302333,0.12241811096375418,0.08303006133332137
360,25,NoInstructions,LowTide,0,0,7.252,0.5256822294490294,0.3295485555248378,0.5647494512162266,0.32753440504050174,2.3368194129973925,0.25912410894253135,0.0822617870566236,0.04641383948981705
361,25,NoInstructions,LowTide,1,0,10.089,0.8343414566368799,0.3591311876844779,0.9497380276779946,0.36066829433092795,1.9239513562697363,0.3905517523771568,0.18510853586218212,0.07926230211164824
362,25,NoInstructions,LowTide,2,0,8.444,0.6379178251592942,0.3478933664159781,0.6991786764502033,0.3589522089527436,2.1548967660535885,0.31653692186889293,0.10502195670384719,0.05919722645211438
363,25,NoInstructions,LowTide,3,0,7.499,0.743627720016438,0.33192500335160524,0.8546451295859673,0.34520734800845587,2.1418440275294928,0.37448693836332064,0.17798534087563359,0.07241280053026682
364,25,NoInstructions,HighTide,0,0,9.498,0.8947023407746417,0.3379984834256274,0.9404324532367258,0.34667562328099477,2.248235200416019,0.6753028147729747,0.09683126502607617,0.06406402508077626
365,25,NoInstructions,HighTide,1,0,8.335,0.6972946556114327,0.3292516711922712,0.7922677346176278,0.34893696067449553,2.2386827470867545,0.49015619619103334,0.1667525470128426,0.08581687024096868
366,25,NoInstructions,HighTide,2,0,16.177,1.8913900089579274,0.8404833602073788,2.020037558640139,0.8937788122212653,1.8938798915085007,0.6265938355307161,0.27116092653171747,0.1453659041420368
367,25,NoInstructions,HighTide,3,0,9.955,0.6856321789290983,0.32076951236607254,0.7573609353528821,0.32064026638186405,2.129818599782403,0.6819349013175987,0.15461770933015898,0.08579856104401404
368,25,Imitation,LowTide,0,0,16.624,0.8029736608614886,0.26957559489307287,0.873287357728326,0.2589665875658944,2.2466665809840394,0.3903111566771229,0.11535957586411927,0.054655661954391026
369,25,Imitation,LowTide,1,0,12.2,0.5801672369470349,0.22013462155263075,0.7046806580434435,0.22666966226691482,2.420583530624654,0.09732591978452328,0.19342668195185517,0.050935614293527956
370,25,Imitation,LowTide,2,0,12.435,0.6959105111994256,0.25241311855641513,0.7714118935883825,0.2567987722349295,2.340588845905366,0.1692561917181726,0.11468180839111619,0.06233760673692337
371,25,Imitation,LowTide,3,0,12.465,0.6468576510601204,0.25428239716934764,0.77097866615148,0.2793144584949516,2.404625839675737,0.36581099243515935,0.20823757802944023,0.06628090473540184
372,25,Imitation,HighTide,0,0,12.33,0.4122643841581066,0.25967720425495194,0.4349753639123918,0.2990280697782515,2.1182285966710133,0.4053158280122774,0.13995039251945487,0.09281501548106746
373,25,Imitation,HighTide,1,0,11.921,0.737684758006639,0.26851803267092134,0.8650670141707808,0.2647592028397726,2.2502861094417432,0.38891401495078054,0.2049964611856538,0.07589951621538125
374,25,Imitation,HighTide,2,0,10.611,0.7297629718138622,0.3305139362016309,0.8368042532548341,0.3415159736553012,2.0570145804238127,0.25632470062256973,0.16780667368783908,0.06287068869412014
375,25,Imitation,HighTide,3,0,9.245,0.5108983936348891,0.26690581687886533,0.5690390551019235,0.27539492840353125,2.076552299246581,0.2513094874206058,0.10543921050143379,0.051146772833463715
376,25,Gamification,LowTide,0,0,10.598,0.5836672103927897,0.2567882861401452,0.6615881502014307,0.26172480829412886,1.9627697619482285,0.279702035119847,0.14248491755801024,0.0458260280413637
377,25,Gamification,LowTide,1,0,15.595,1.1717170344069912,0.4890621962249129,1.296022447647533,0.49596947605548414,2.1650020313279636,0.47817909334304837,0.20186741487521176,0.07423014633243623
378,25,Gamification,LowTide,2,0,53.944,1.047365571329901,0.48922874395128846,1.2193991228434147,0.5371364959452879,1.9066320555075362,0.8097993625357268,0.2694064175940317,0.14572434475240856
379,25,Gamification,LowTide,3,0,28.228,0.7016828288654944,0.2723272010911504,0.794396789901101,0.2891117832433015,2.280293085182402,0.314672913899012,0.15710905382425153,0.06290535260853174
380,25,Gamification,HighTide,0,0,40.941,0.9645383416475255,0.3101176553688983,1.0301630739198955,0.3395004146900175,2.3818755613264813,0.4035934550116932,0.1302476857533279,0.06482214727739515
381,25,Gamification,HighTide,1,0,39.527,0.7507637050523948,0.28789714941456007,0.8049443747931426,0.27637506231666414,2.477533302704616,0.3195438833329571,0.13377106840910313,0.08325216073883136
382,25,Gamification,HighTide,2,0,28.173,0.40793868715935405,0.1415181996866175,0.5059416418561871,0.12084881914843604,2.5473943958831926,0.3090337262437229,0.16138190501282382,0.06722495562628672
383,25,Gamification,HighTide,3,0,25.623,0.7204737994491563,0.2566401781629099,0.7518935017415541,0.23935436433286267,2.1700594207942614,0.46297511593739227,0.12040818180206198,0.08599404137904659
384,26,NoInstructions,LowTide,0,0,33.688,0.5082129626078425,0.14011961397284994,0.5980128602957425,0.1345626297729684,2.5729745492212146,0.21260939873833454,0.15035497083580293,0.05816165673285797
385,26,NoInstructions,LowTide,1,0,39.254,0.6625481930479401,0.323256921338663,0.7861659399030501,0.36221816022165887,2.6133423176796033,0.1447961891710366,0.21609829745249004,0.12098300109058681
386,26,NoInstructions,LowTide,2,0,36.578,0.5650959777027205,0.17764927436770572,0.6257823236439299,0.16973905157669572,2.5322318748040975,0.1095885060259464,0.1122830151047879,0.08321299586775656
387,26,NoInstructions,LowTide,3,0,37.554,0.7818723249706199,0.32774868490531517,0.8717945764374829,0.3375597430937156,2.504008642712958,0.1589990578155423,0.1537393173199409,0.07481437141651842
388,26,NoInstructions,HighTide,0,1,29.999,1.0635878505969745,0.6612025070602443,1.2389029581018278,0.6520535762908545,1.4976509591831484,0.4279029423577521,0.2939824980943639,0.09109367251897774
389,26,NoInstructions,HighTide,1,0,20.476,0.561418899967787,0.1773677461595815,0.7632880538665421,0.20412110338047101,1.6547052308612067,0.13506063812847166,0.33004310940204123,0.061341617591038296
390,26,NoInstructions,HighTide,2,0,15.544,0.544295261393204,0.19394468818001326,0.6764694490016264,0.2020836902612076,1.6592456468298276,0.16505614142818276,0.22153045620927359,0.03768906136608165
391,26,NoInstructions,HighTide,3,0,20.754,1.0988811466885096,0.5935270407947973,1.350562112967179,0.6396131049940091,1.7016392627099828,0.25306029476056924,0.4177752991737542,0.11634171796294619
392,26,Imitation,LowTide,0,0,41.287,0.47536665270444806,0.1782225959077374,0.5515963699226962,0.16655354892114824,2.469001823642997,0.08839692409087962,0.13261973859328058,0.042674903497419196
393,26,Imitation,LowTide,1,0,35.121,0.5359641188791259,0.14954990512454377,0.6376964078652471,0.14561660216023406,2.4010536360445776,0.11649809727138448,0.18364216981605716,0.06274583428482132
394,26,Imitation,LowTide,2,1,33.22,0.1988203734311976,0.11172177944252966,0.2215600532763956,0.12970278276380168,2.257896104238426,0.23563098882423814,0.11879592926083803,0.06930171180394012
395,26,Imitation,LowTide,3,0,39.731,0.31601531249285514,0.1261855618998103,0.4118417471754901,0.1286293779424945,2.331486771643644,0.14272837561167778,0.17300883902198078,0.05495164837115614
396,26,Imitation,HighTide,0,0,34.508,0.3434946083412322,0.13064329546090586,0.4896536881266485,0.14919232706522537,2.560140468512291,0.25607417462563015,0.2612059812540968,0.053149411110594354
397,26,Imitation,HighTide,1,0,33.02,0.2047975650479986,0.10355180137472188,0.3867447716941864,0.13846789503500181,2.5305283220495425,0.12474299981859095,0.2997151274753937,0.0883551644157523
398,26,Imitation,HighTide,2,0,42.42,0.7519568898230271,0.3686490751763715,0.8803115144141569,0.37086946460669185,2.5109978216745934,0.285053783954396,0.24752493868327755,0.1712581439362383
399,26,Imitation,HighTide,3,0,28.1,0.4895739696122072,0.1617411460736742,0.6533095212881299,0.19013267798548392,2.497236389896015,0.3062067793223048,0.30375647558052293,0.12948988036889522
400,26,Gamification,LowTide,0,1,45.451,0.8285040133100829,0.3509168113674005,0.96501670538089,0.3594325020140883,2.346940492878952,0.24655349772744903,0.2244544730672281,0.0633367173139652
401,26,Gamification,LowTide,1,0,37.224,0.35616928197728287,0.13869071452654577,0.47425821462403606,0.1422687246406876,2.458949640201956,0.12244152956672036,0.1998675288770644,0.08196784876360184
402,26,Gamification,LowTide,2,0,33.082,0.3870527636891336,0.09549793231000057,0.4536057140780555,0.09912343508708875,2.43217184674268,0.16351885639912073,0.1292997636605427,0.06154731974236229
403,26,Gamification,LowTide,3,0,41.346,0.7610090483830164,0.3750465725333892,0.8675955189791021,0.38080809853002057,2.4506092540882993,0.23127917809983833,0.1828870913000312,0.07019348076717019
404,26,Gamification,HighTide,0,3,15.895,0.3317141734354696,0.20634508601059326,0.36837082494643153,0.2529873265845385,1.515584359131433,0.3060177185963723,0.16161616681187532,0.07758095973896867
405,26,Gamification,HighTide,1,1,22.998,0.7870745077106417,0.3391354790859754,0.9626494696990955,0.33849051905165845,1.7645583210844555,0.31202202050329325,0.2819425997695299,0.06071441149136146
406,26,Gamification,HighTide,2,2,51.468,2.014844208663384,1.191304735241322,2.175368138987867,1.211612983788578,1.4590359693852577,0.3169218169102171,0.27810650472451853,0.08556922733130112
407,26,Gamification,HighTide,3,1,15.622,0.5816477813994742,0.34184231156291456,0.6254381646391626,0.4628712624521448,1.438055347593316,0.33531123388121076,0.40965759500682225,0.12101285538462404
408,27,NoInstructions,LowTide,0,0,19.568,0.9634849750932544,0.3170995304080183,1.016236534488816,0.315917284086513,1.1867772872373394,0.2155850230314723,0.08930519477718057,0.03404146540816724
409,27,NoInstructions,LowTide,1,0,16.645,0.8507749240023617,0.3281683408100361,0.9497932187930077,0.3255764740054782,1.3645645714371897,0.11009311970837436,0.184612402998339,0.07155874615417547
410,27,NoInstructions,LowTide,2,0,14.811,0.9953378624129479,0.3468811576051562,1.080769565642508,0.3428420193300409,1.4348480482213604,0.1602826721790124,0.17821805652988346,0.06822963579080156
411,27,NoInstructions,LowTide,3,1,25.254,0.4870088142779959,0.3808409814119132,0.5690039638489985,0.4317153020802423,1.4197988111764404,0.27628913633573393,0.25951896380904355,0.10457325643874221
412,27,NoInstructions,HighTide,0,1,15.933,0.6253165621116439,0.21246609506819758,0.6668815490944431,0.21259259893642318,1.479820003546834,0.1505375147854376,0.11244555194518409,0.06663997333355776
413,27,NoInstructions,HighTide,1,0,17.48,0.826118778939344,0.2832329761139667,0.9256697530340904,0.2899720598366736,1.6368486182703441,0.21618907120265096,0.18815647676811303,0.05472585477545283
414,27,NoInstructions,HighTide,2,0,15.099,0.9497005149642745,0.3400766826793363,0.9956876056442517,0.3401679870434225,1.5757810767409444,0.08344106432379361,0.10272436833768676,0.05774138508136791
415,27,NoInstructions,HighTide,3,1,26.431,1.2771908364317794,0.8301946758086615,1.3900370596600542,0.8510367332256142,1.4995360641173898,0.13093144721571814,0.2252376451686731,0.0744969308419063
416,27,Imitation,LowTide,0,0,29.925,1.409053147209233,0.4737638032479581,1.5041477667787948,0.49742083507106066,1.4309240231495226,0.46134935159630674,0.166502266404821,0.07608447523220861
417,27,Imitation,LowTide,1,0,22.096,0.46149760311574795,0.14268282528332726,0.613081809403171,0.13839500270100172,1.7288353108532766,0.08848380493321673,0.2622580329796289,0.07992550781624794
418,27,Imitation,LowTide,2,0,26.064,0.7511647985067015,0.21959195833502113,0.861991257771036,0.21106845375353114,1.7024452795245748,0.08025308035287104,0.1835300309964348,0.05574900527715792
419,27,Imitation,LowTide,3,0,23.144,0.4888928908369073,0.11821919557742834,0.6465871341729437,0.1140249444864993,1.64061314374676,0.05261848264179213,0.25110360720508457,0.04681703690732769
420,27,Imitation,HighTide,0,0,19.798,0.746207181218696,0.30832574307469357,0.8047683195884247,0.31126197335538985,1.561909358116024,0.27804156995823626,0.11854368835192719,0.05977773359338428
421,27,Imitation,HighTide,1,1,29.254,1.3737907008801344,0.6697348847828856,1.5118420951367344,0.6696942870080104,1.5524549495017543,0.19945382173504236,0.24130314304411715,0.06691035651999988
422,27,Imitation,HighTide,2,1,21.144,0.37365201794313696,0.10979092205660884,0.4351774816517226,0.1113035202603929,1.7344169179334386,0.12345926451261569,0.11751734112704272,0.050098952980573624
423,27,Imitation,HighTide,3,0,23.895,0.4148476270745147,0.17452462908597496,0.5315367903793523,0.17692762609895282,1.7602485634943874,0.05115738179713523,0.21297500622847643,0.055275390012428004
424,27,Gamification,LowTide,0,4,44.544,0.6112292462888671,0.342281924981728,0.6301150464652195,0.3701191752427344,1.1558828254452873,0.19440894384776153,0.16339235095360663,0.1233881433692429
425,27,Gamification,LowTide,1,4,44.667,1.1192546316783187,0.4446062159611221,1.242799728935225,0.4497597783164638,1.2323158546783584,0.1774306675248238,0.23980610679797634,0.1012991854946463
426,27,Gamification,LowTide,2,2,32.282,0.5972558396105346,0.2793408637953969,0.6299415995314906,0.2682754072609014,1.0925697330668074,0.19473290229099383,0.3493231467572834,0.26975741847681756
427,27,Gamification,LowTide,3,2,32.482,1.761759159410446,0.8345319780063986,1.871854856446536,0.8622388112268959,1.1059886987914735,0.23943298497154283,0.2278651867096371,0.06945733174469075
428,27,Gamification,HighTide,0,0,32.501,0.7882680708788601,0.2379165881340677,0.8275313555000136,0.2347912789636634,1.2045414386629625,0.23068698554370445,0.08865445293082606,0.05610889039629202
429,27,Gamification,HighTide,1,0,23.592,1.1108812583213346,0.41810277149349373,1.1828470115844278,0.42756504824541586,1.413279180237587,0.2588886141389175,0.1993854665869128,0.09553089884580829
430,27,Gamification,HighTide,2,8,78.611,1.5597677018148715,0.6834811092555524,1.7166976193711037,0.6792481746221516,1.3008324223322816,0.2678320550327572,0.2841430179836815,0.13026472708829373
431,27,Gamification,HighTide,3,3,37.094,0.9681966484287898,0.37257102572751566,1.0479186858488554,0.37098876135298925,1.3465960018295748,0.25175361302595434,0.15747393016496883,0.06566057944255328
432,28,NoInstructions,LowTide,0,0,19.772,1.4516304441434988,0.5968953504373188,1.5464105955987486,0.5999166025812752,1.5766486267385684,0.6842744305691926,0.1937842870941136,0.08815265274725155
433,28,NoInstructions,LowTide,1,0,25.372,0.7863958182234131,0.40363110317737483,0.935920569318403,0.4143918342259615,2.3234709305999597,0.44668387621323286,0.40855245178946226,0.21986304225696543
434,28,NoInstructions,LowTide,2,4,38.877,1.4760121235992225,0.8804480029633371,1.5708507282160025,0.8674476736784675,1.8068489704063793,0.7240332526467966,0.24100793658858827,0.1485802092635967
435,28,NoInstructions,LowTide,3,0,20.403,0.8530039455190236,0.41614627716373653,1.0089002035450998,0.4468198517754706,2.167570109538985,0.3908171231524339,0.4192653343979694,0.20477917927847944
436,28,NoInstructions,HighTide,0,0,30.677,1.3301152894083592,0.5554197740322993,1.3830871953066386,0.5511014128120945,1.8228249800127951,0.8072455643756349,0.15028922578062398,0.11407590370707514
437,28,NoInstructions,HighTide,1,0,17.256,1.1781348770468991,0.49950991467144834,1.2741483650620602,0.47606589424716933,2.437485655369893,0.10811073634854114,0.19049563701703248,0.10328832620582497
438,28,NoInstructions,HighTide,2,0,17.958,1.073066532753307,0.506415843974235,1.1284226464301086,0.49538451388490085,2.3992196869267968,0.13848864750571466,0.18722535284814704,0.1704234930289002
439,28,NoInstructions,HighTide,3,0,23.832,1.4973250558166284,0.880069582646746,1.598221745801946,0.8867392497392531,1.6631419544436676,0.6742447647542125,0.192407243917121,0.08664522823543748
440,28,Imitation,LowTide,0,0,30.253,0.9961108665884183,0.39229431001364196,1.0676692494698434,0.42876807883110735,2.324344152335747,0.16109808460312244,0.18485911353531903,0.15295086112017023
441,28,Imitation,LowTide,1,0,19.824,0.22936263093115572,0.09297252680213497,0.2849970882918693,0.13311658208432056,2.522988231412457,0.11588582250932991,0.22824660677413583,0.07651975170429764
442,28,Imitation,LowTide,2,1,24.084,1.300014715584985,0.4466453618947696,1.3762309179305037,0.4399653262216914,2.4740076912064524,0.1745729338057871,0.18866123844992103,0.12423916557709509
443,28,Imitation,LowTide,3,0,13.913,0.951912632000529,0.3772672455054527,1.0754873615277956,0.4237224952776073,2.3089593753937927,0.13805451277946085,0.2681535928809291,0.07184927953323035
444,28,Imitation,HighTide,0,0,9.914,0.7353848490531512,0.5103054834222603,0.664745008116081,0.507605943107841,2.2401514799641915,0.10809232355217022,0.1906821872636624,0.09348022863058214
445,28,Imitation,HighTide,1,4,56.681,1.3847342263273184,0.9318339596139379,1.4051934386645346,0.9350245552920886,1.6837099717280353,0.75236268716342,0.19447257073691923,0.23135684533707643
446,28,Imitation,HighTide,2,1,9.309,0.5812192587454064,0.3406087710897204,0.4880175021760131,0.33051751545045,2.390197575685828,0.11576214705904633,0.21473274678798357,0.10292443293071986
447,28,Imitation,HighTide,3,0,13.146,1.0686563310104824,0.5708075211721831,1.1666550250132228,0.5694692553471902,2.2952262694210113,0.1233296094442537,0.2298756159244935,0.08322537211674147
448,28,Gamification,LowTide,0,0,47.794,1.5342332487951245,0.858044925410211,1.6203058953149314,0.8686350483278301,1.866308787323881,0.7159551325233089,0.26143179653308374,0.2345676333955291
449,28,Gamification,LowTide,1,0,29.211,1.2033041654841348,0.6505227375547219,1.3018222473615462,0.6879795704721393,2.3721733917616525,0.21668076685472074,0.26579411904330474,0.20383201377817167
450,28,Gamification,LowTide,2,0,37.022,1.508895562720366,0.7440576085680697,1.5348626472764189,0.7325763681786774,2.3121152545370283,0.4810313352883274,0.22087485706879398,0.20061450955253965
451,28,Gamification,LowTide,3,0,21.137,1.2225341206486506,0.5401093799499407,1.3708294841337543,0.5071656340713497,2.0314244735440825,0.6740207509069285,0.3340257385353552,0.1608000281114971
452,28,Gamification,HighTide,0,2,10.518,0.6151413508418847,0.30749449617348246,0.5367932822667627,0.3014586631311718,2.4231601639795017,0.14275518151987052,0.1976179217548009,0.08763224944695742
453,28,Gamification,HighTide,1,0,19.461,1.4545765310692331,0.5900635268062665,1.5288495471296528,0.5763669115285462,2.390419902730238,0.17128483795637697,0.16588817195663552,0.0806672401590973
454,28,Gamification,HighTide,2,0,24.022,0.9291799461597767,0.40276596452824365,0.8968607533440283,0.38602577977178776,2.19518483748468,0.44699992415342105,0.36817874923501437,0.404804760732976
455,28,Gamification,HighTide,3,0,18.413,1.1155355920298855,0.5281787634954093,1.1832184972499757,0.5209950817127565,2.204376425238074,0.5998291290041182,0.1745380299225524,0.12623114904121155
