unixTime,lslTime,ECG
1643554231209,3804.6784103,50
1643554231209,3804.678413,69
1643554231209,3804.6784157,59
1643554231209,3804.6784184,33
1643554231209,3804.6784211,33
1643554231209,3804.6784237,26
1643554231209,3804.6784265,-4
1643554231209,3804.6784291,-4
1643554231209,3804.6784318,19
1643554231209,3804.6784345,19
1643554231232,3804.6784373,21
1643554231232,3804.6784401,42
1643554231232,3804.6784428,47
1643554231232,3804.6784455,42
1643554231232,3804.6784482,54
1643554231232,3804.6784508,81
1643554231232,3804.6784535,83
1643554231232,3804.6784562,61
1643554231232,3804.678459,59
1643554231232,3804.6784616,76
1643554231259,3804.6784643,78
1643554231259,3804.678467,61
1643554231259,3804.6784697,45
1643554231259,3804.6784724,57
1643554231259,3804.6784751,69
1643554231259,3804.6784778,81
1643554231259,3804.6784805,128
1643554231259,3804.6784832,107
1643554231259,3804.6784859,-209
1643554231259,3804.6784886,-736
1643554231280,3804.6784914,-829
1643554231280,3804.6784941,-35
1643554231280,3804.678497,901
1643554231280,3804.6784998,975
1643554231280,3805.1805762,555
1643554231280,3805.1805864,331
1643554231280,3805.1805906,190
1643554231280,3805.1805937,45
1643554231280,3805.1805971,4
1643554231280,3805.1806001,-2
1643554231298,3805.180604,-4
1643554231298,3805.1806068,-11
1643554231298,3805.1806094,-45
1643554231298,3805.1806121,-54
1643554231743,3805.1806149,-45
1643554231743,3805.1806176,-50
1643554231743,3805.1806203,-52
1643554231743,3805.180623,-52
1643554231743,3805.1806256,-59
1643554231743,3805.1806284,-78
1643554231743,3805.1806311,-97
1643554231743,3805.1806344,-90
1643554231743,3805.1806374,-78
1643554231743,3805.180685,-95
1643554231765,3805.1806928,-107
1643554231765,3805.1806964,-116
1643554231765,3805.1806994,-138
1643554231765,3805.1807021,-123
1643554231765,3805.1807049,-102
1643554231765,3805.1807077,-131
1643554231765,3805.1807104,-147
1643554231765,3805.1807132,-140
1643554231765,3805.1807159,-145
1643554231765,3805.1807187,-138
1643554231787,3805.1807215,-114
1643554231787,3805.1807243,-119
1643554231787,3805.1807271,-128
1643554231787,3805.1807299,-107
1643554231787,3805.1807326,-66
1643554231787,3805.1807354,-28
1643554231787,3805.1807382,-2
1643554231787,3805.180741,26
1643554231787,3805.1807438,59
1643554231787,3805.1807469,66
1643554231813,3805.1807497,52
1643554231813,3805.1807524,57
1643554231813,3805.1807552,78
1643554231813,3805.180758,71
1643554231813,3805.1807607,42
1643554231813,3805.1807635,59
1643554231813,3805.1807662,83
1643554231813,3805.1807693,57
1643554231813,3805.1807721,35
1643554231813,3805.1807749,42
1643554231833,3805.1807776,50
1643554231833,3805.1807804,61
1643554231833,3805.1807831,59
1643554231833,3805.1807859,45
1643554231833,3805.1807887,50
1643554231833,3805.1807915,66
1643554231833,3805.1807943,73
1643554231833,3805.1807972,76
1643554231833,3805.1808,83
1643554231833,3805.1808028,83
1643554231854,3805.1808055,78
1643554231854,3805.1808083,76
1643554231854,3805.1808111,78
1643554231854,3805.1808138,83
1643554231854,3805.1808171,78
1643554231854,3805.1808201,78
1643554231854,3805.180823,95
1643554231854,3805.180826,83
1643554231854,3805.1808289,38
1643554231854,3805.1808333,14
1643554231875,3805.1808363,38
1643554231875,3805.1808403,71
1643554231875,3805.1808432,73
1643554231875,3805.7805654,52
1643554231875,3805.7805781,54
1643554231875,3805.7805817,88
1643554231875,3805.7805868,107
1643554231875,3805.7805898,104
1643554231875,3805.7805948,100
1643554231875,3805.7805979,90
1643554231898,3805.7806026,76
1643554231898,3805.7806057,61
1643554231898,3805.780679,61
1643554231898,3805.7807361,76
1643554232298,3805.7807402,83
1643554232298,3805.780743,76
1643554232298,3805.7807458,59
1643554232298,3805.7807485,81
1643554232298,3805.7807512,145
1643554232298,3805.7807539,135
1643554232298,3805.7811101,-135
1643554232298,3805.7811175,-658
1643554232298,3805.7811208,-910
1643554232298,3805.7811237,-283
1643554232321,3805.7811274,748
1643554232321,3805.7811302,1046
1643554232321,3805.781133,679
1643554232321,3805.7811357,422
1643554232321,3805.7811384,271
1643554232321,3805.7811411,81
1643554232321,3805.781144,35
1643554232321,3805.7811467,71
1643554232321,3805.7811494,28
1643554232321,3805.7811522,-4
1643554232344,3805.7811664,16
1643554232344,3805.7811719,9
1643554232344,3805.7811748,-14
1643554232344,3805.7811777,0
1643554232344,3805.7811808,14
1643554232344,3805.7811835,2
1643554232344,3805.7811863,-4
1643554232344,3805.7811891,-4
1643554232344,3805.7811919,-11
1643554232344,3805.7811948,-21
1643554232365,3805.7811975,-26
1643554232365,3805.7812003,-45
1643554232365,3805.781203,-59
1643554232365,3805.7812058,-52
1643554232365,3805.7812086,-61
1643554232365,3805.7812114,-78
1643554232365,3805.7812141,-71
1643554232365,3805.7812169,-59
1643554232365,3805.7812197,-73
1643554232365,3805.7812224,-85
1643554232387,3805.7812275,-76
1643554232387,3805.7812306,-57
1643554232387,3805.7812334,-35
1643554232387,3805.7812361,-26
1643554232387,3805.7812389,-28
1643554232387,3805.7812417,-11
1643554232387,3805.7812756,19
1643554232387,3805.7813012,35
1643554232387,3805.7813073,61
1643554232387,3805.7813105,104
1643554232409,3805.7813133,123
1643554232409,3805.781316,121
1643554232409,3805.7813187,123
1643554232409,3805.7813213,126
1643554232409,3805.7813243,131
1643554232409,3805.781327,135
1643554232409,3805.7813297,123
1643554232409,3805.7813323,104
1643554232409,3805.781335,100
1643554232409,3805.7813437,92
1643554232432,3805.7813546,88
1643554232432,3805.7813578,85
1643554232432,3806.3311149,78
1643554232432,3806.3311272,76
1643554232432,3806.3311305,71
1643554232432,3806.3311337,59
1643554232432,3806.3311376,71
1643554232432,3806.3311405,90
1643554232432,3806.3311433,83
1643554232432,3806.3311462,81
1643554232455,3806.331149,95
1643554232455,3806.3311518,97
1643554232455,3806.3311546,97
1643554232455,3806.3311574,92
1643554232856,3806.3311602,66
1643554232856,3806.3311629,50
1643554232856,3806.3311656,64
1643554232856,3806.3311682,61
1643554232856,3806.331171,45
1643554232856,3806.3311737,61
1643554232856,3806.3311763,59
1643554232856,3806.3311789,11
1643554232856,3806.3311816,-7
1643554232856,3806.3311843,14
1643554232878,3806.3311869,21
1643554232878,3806.3311895,23
1643554232878,3806.3311921,28
1643554232878,3806.3311948,40
1643554232878,3806.3311974,57
1643554232878,3806.3312,78
1643554232878,3806.3312027,85
1643554232878,3806.3312055,83
1643554232878,3806.3312083,85
1643554232878,3806.3312111,92
1643554232900,3806.3312139,88
1643554232900,3806.3312167,69
1643554232900,3806.3312195,66
1643554232900,3806.3312223,85
1643554232900,3806.3312278,85
1643554232900,3806.331233,78
1643554232900,3806.3312367,102
1643554232900,3806.3312397,164
1643554232900,3806.3312426,107
1643554232900,3806.3312455,-281
1643554232921,3806.3312483,-829
1643554232921,3806.3312511,-872
1643554232921,3806.3312624,21
1643554232921,3806.331277,1015
1643554232921,3806.3312833,1022
1643554232921,3806.3312864,512
1643554232921,3806.3312896,300
1643554232921,3806.3312935,202
1643554232921,3806.3312974,57
1643554232921,3806.3313004,35
1643554232943,3806.3313052,69
1643554232943,3806.3313081,38
1643554232943,3806.331311,2
1643554232943,3806.3313139,7
1643554232943,3806.3313177,16
1643554232943,3806.3313206,19
1643554232943,3806.3313246,4
1643554232943,3806.3313275,-2
1643554232943,3806.3313314,23
1643554232943,3806.3313344,26
1643554232966,3806.3313389,-11
1643554232966,3806.3313427,-30
1643554232966,3806.3313457,-21
1643554232966,3806.3313494,-19
1643554232966,3806.3313528,-40
1643554232966,3806.3313573,-54
1643554232966,3806.3313616,-42
1643554232966,3806.3313655,-47
1643554232966,3806.3313685,-81
1643554232966,3806.3313723,-81
1643554232987,3806.3313752,-61
1643554232987,3806.8812275,-78
1643554232987,3806.8812395,-88
1643554232987,3806.881248,-59
1643554232987,3806.8812531,-38
1643554232987,3806.8812559,-33
1643554232987,3806.8812586,-21
1643554232987,3806.8812614,-16
1643554232987,3806.8812642,-7
1643554232987,3806.8812678,14
1643554233011,3806.8812708,28
1643554233011,3806.8812736,26
1643554233011,3806.8812765,33
1643554233011,3806.8812793,59
1643554233387,3806.8812823,81
1643554233387,3806.881285,81
1643554233387,3806.8812877,69
1643554233387,3806.8812904,66
1643554233387,3806.8812931,69
1643554233387,3806.8812957,64
1643554233387,3806.8812985,61
1643554233387,3806.8813011,61
1643554233387,3806.8813038,61
1643554233387,3806.8813065,61
1643554233409,3806.8813091,54
1643554233409,3806.8813118,52
1643554233409,3806.8813144,59
1643554233409,3806.8813169,35
1643554233409,3806.8813198,9
1643554233409,3806.8813225,28
1643554233409,3806.8813251,57
1643554233409,3806.8813277,52
1643554233409,3806.8813309,38
1643554233409,3806.8813334,42
1643554233431,3806.881336,66
1643554233431,3806.8813386,76
1643554233431,3806.8813413,66
1643554233431,3806.8813439,64
1643554233431,3806.8813465,57
1643554233431,3806.8813492,50
1643554233431,3806.8813518,57
1643554233431,3806.8813544,71
1643554233431,3806.8813571,54
1643554233431,3806.8813598,19
1643554233456,3806.8813625,23
1643554233456,3806.8813652,40
1643554233456,3806.8813679,35
1643554233456,3806.8813705,45
1643554233456,3806.8813731,66
1643554233456,3806.8813763,69
1643554233456,3806.8813791,85
1643554233456,3806.8813817,104
1643554233456,3806.8813844,95
1643554233456,3806.8813875,97
1643554233477,3806.8813902,119
1643554233477,3806.8813929,114
1643554233477,3806.8813955,92
1643554233477,3806.8813982,90
1643554233477,3806.8814008,102
1643554233477,3806.8814035,114
1643554233477,3806.8814062,119
1643554233477,3806.8814093,107
1643554233477,3806.8814123,123
1643554233477,3806.8814152,159
1643554233500,3806.8814178,7
1643554233500,3806.8814206,-476
1643554233500,3806.8814233,-949
1643554233500,3806.881426,-691
1643554233500,3806.8814287,364
1643554233500,3806.8814315,1094
1643554233500,3806.8814341,879
1643554233500,3806.8814374,493
1643554233500,3806.8814401,340
1643554233500,3806.8814428,171
1643554233521,3807.4306112,54
1643554233521,3807.4306224,64
1643554233521,3807.4306276,57
1643554233521,3807.4306326,30
1643554233521,3807.4306356,38
1643554233521,3807.4306395,33
1643554233521,3807.4306425,9
1643554233521,3807.4306463,7
1643554233521,3807.4306492,4
1643554233521,3807.4306533,-23
1643554233544,3807.4306562,-40
1643554233544,3807.4306599,-42
1643554233544,3807.4306628,-54
1643554233544,3807.4306665,-59
1643554234002,3807.4306695,-52
1643554234002,3807.4306724,-57
1643554234002,3807.4306752,-64
1643554234002,3807.430678,-81
1643554234002,3807.4306808,-100
1643554234002,3807.4306835,-109
1643554234002,3807.4306863,-116
1643554234002,3807.4306891,-126
1643554234002,3807.4306918,-126
1643554234002,3807.4306946,-119
1643554234033,3807.4306974,-114
1643554234033,3807.4307004,-102
1643554234033,3807.4307032,-81
1643554234033,3807.4307059,-59
1643554234033,3807.4307086,-47
1643554234033,3807.4307114,-35
1643554234033,3807.4307141,-19
1643554234033,3807.430717,0
1643554234033,3807.4307225,21
1643554234033,3807.4307255,40
1643554234066,3807.4307302,64
1643554234066,3807.4307332,85
1643554234066,3807.4307371,97
1643554234066,3807.43074,100
1643554234066,3807.4307437,95
1643554234066,3807.4307468,97
1643554234066,3807.4307515,100
1643554234066,3807.4307543,88
1643554234066,3807.4307573,69
1643554234066,3807.4307623,57
1643554234100,3807.4307652,59
1643554234100,3807.4307682,54
1643554234100,3807.430772,35
1643554234100,3807.4307749,28
1643554234100,3807.4307786,26
1643554234100,3807.4307816,21
1643554234100,3807.4307855,21
1643554234100,3807.4307885,33
1643554234100,3807.4307923,35
1643554234100,3807.4307953,28
1643554234133,3807.4307991,35
1643554234133,3807.4308021,42
1643554234133,3807.4308049,38
1643554234133,3807.4308087,47
1643554234133,3807.4308116,66
1643554234133,3807.4308164,69
1643554234133,3807.430821,64
1643554234133,3807.4308259,66
1643554234133,3807.4308304,64
1643554234133,3807.430835,57
1643554234168,3807.4308392,54
1643554234168,3807.4308438,38
1643554234168,3807.4308483,7
1643554234168,3807.4308529,2
1643554234168,3807.4308567,23
1643554234168,3807.4308613,38
1643554234168,3807.4308642,28
1643554234168,3807.4308671,23
1643554234168,3807.4308711,50
1643554234168,3808.0284473,73
1643554234201,3808.0284608,73
1643554234201,3808.0284645,78
1643554234201,3808.02847,81
1643554234201,3808.0284748,71
1643554234201,3808.0284796,69
1643554234201,3808.0284824,69
1643554234201,3808.0284854,57
1643554234201,3808.0284883,38
1643554234201,3808.0284912,38
1643554234201,3808.0284941,40
1643554234235,3808.0284969,26
1643554234235,3808.0284999,47
1643554234235,3808.0285028,95
1643554234235,3808.0285057,-38
1643554234535,3808.0285086,-512
1643554234535,3808.0285114,-1042
1643554234535,3808.0285141,-867
1643554234535,3808.0285169,252
1643554234535,3808.0285196,1146
1643554234535,3808.0285224,903
1643554234535,3808.0285251,364
1643554234535,3808.0285278,219
1643554234535,3808.0285309,116
1643554234535,3808.0285336,-14
1643554234568,3808.0285363,-7
1643554234568,3808.028539,11
1643554234568,3808.0285417,-28
1643554234568,3808.0285445,-30
1643554234568,3808.0285472,-14
1643554234568,3808.0285499,-30
1643554234568,3808.0285528,-33
1643554234568,3808.0285557,-16
1643554234568,3808.0285587,-26
1643554234568,3808.0285616,-42
1643554234602,3808.0285645,-45
1643554234602,3808.0285674,-38
1643554234602,3808.0285702,-45
1643554234602,3808.0285731,-57
1643554234602,3808.028576,-61
1643554234602,3808.028579,-66
1643554234602,3808.0285819,-71
1643554234602,3808.0285848,-78
1643554234602,3808.0285877,-92
1643554234602,3808.0285905,-97
1643554234637,3808.0285934,-104
1643554234637,3808.0285964,-112
1643554234637,3808.0285993,-109
1643554234637,3808.0286022,-90
1643554234637,3808.0286051,-73
1643554234637,3808.028608,-61
1643554234637,3808.0286109,-45
1643554234637,3808.0286139,-33
1643554234637,3808.0286168,-33
1643554234637,3808.0286197,-26
1643554234665,3808.0286226,2
1643554234665,3808.0286254,26
1643554234665,3808.0286283,38
1643554234665,3808.0286312,54
1643554234665,3808.0286363,73
1643554234665,3808.0286402,76
1643554234665,3808.0286431,73
1643554234665,3808.028646,76
1643554234665,3808.028649,83
1643554234665,3808.0286518,85
1643554234703,3808.0286547,78
1643554234703,3808.0286578,71
1643554234703,3808.0286625,73
1643554234703,3808.0286655,69
1643554234703,3808.0286685,54
1643554234703,3808.0286714,45
1643554234703,3808.0286753,40
1643554234703,3808.0286783,35
1643554234703,3808.5792739,40
1643554234703,3808.5792857,52
1643554234734,3808.5792891,52
1643554234734,3808.5792938,42
1643554234734,3808.5792986,45
1643554234734,3808.5793033,30
1643554234734,3808.579306,9
1643554234734,3808.5793089,14
1643554234734,3808.5793117,21
1643554234734,3808.5793146,23
1643554234734,3808.5793174,23
1643554234734,3808.5793203,11
1643554234766,3808.5793231,-9
1643554234766,3808.579326,-9
1643554234766,3808.5793288,0
1643554234766,3808.5793327,2
1643554235187,3808.5793356,-2
1643554235187,3808.5793383,-21
1643554235187,3808.579341,-52
1643554235187,3808.5793438,-57
1643554235187,3808.5793465,-28
1643554235187,3808.5793491,-19
1643554235187,3808.5793518,-28
1643554235187,3808.5793545,-9
1643554235187,3808.5793572,19
1643554235187,3808.5793599,28
1643554235209,3808.5793626,33
1643554235209,3808.5793653,42
1643554235209,3808.579368,45
1643554235209,3808.5793707,45
1643554235209,3808.5793734,54
1643554235209,3808.579376,64
1643554235209,3808.5793789,54
1643554235209,3808.5793818,47
1643554235209,3808.5793847,54
1643554235209,3808.5793894,66
1643554235234,3808.5793933,69
1643554235234,3808.5793963,97
1643554235234,3808.5793991,143
1643554235234,3808.579402,19
1643554235234,3808.5794049,-443
1643554235234,3808.5794088,-960
1643554235234,3808.5794117,-794
1643554235234,3808.5794146,267
1643554235234,3808.5794184,1111
1643554235234,3808.5794214,903
1643554235254,3808.5794255,405
1643554235254,3808.5794284,233
1643554235254,3808.5794322,123
1643554235254,3808.5794351,23
1643554235254,3808.579438,21
1643554235254,3808.5794418,19
1643554235254,3808.5794447,-4
1643554235254,3808.5794486,-4
1643554235254,3808.5794515,2
1643554235254,3808.5794552,0
1643554235276,3808.5794582,-4
1643554235276,3808.579462,-11
1643554235276,3808.5794649,-19
1643554235276,3808.5794698,-14
1643554235276,3808.5794726,-16
1643554235276,3808.5794755,-26
1643554235276,3808.5794793,-33
1643554235276,3808.5794823,-40
1643554235276,3808.579486,-45
1643554235276,3808.579489,-50
1643554235300,3808.5794935,-59
1643554235300,3808.5794977,-64
1643554235300,3808.5795015,-71
1643554235300,3808.5795044,-88
1643554235300,3808.5795073,-100
1643554235300,3808.5795111,-102
1643554235300,3808.579514,-100
1643554235300,3809.229967,-92
1643554235300,3809.2299795,-78
1643554235300,3809.229984,-61
1643554235321,3809.229989,-59
1643554235321,3809.2299919,-59
1643554235321,3809.2299949,-59
1643554235321,3809.2299996,-42
1643554235321,3809.2300025,-9
1643554235321,3809.2300055,16
1643554235321,3809.2300092,26
1643554235321,3809.2300121,26
1643554235321,3809.2300169,23
1643554235321,3809.2300212,28
1643554235346,3809.2300241,42
1643554235346,3809.2300271,33
1643554235346,3809.2300305,19
1643554235346,3809.2300334,33
1643554235698,3809.2300363,30
1643554235698,3809.2300391,11
1643554235698,3809.2300419,16
1643554235698,3809.2300447,28
1643554235698,3809.2300475,14
1643554235698,3809.2300503,9
1643554235698,3809.230053,26
1643554235698,3809.2300558,23
1643554235698,3809.2300585,9
1643554235698,3809.2300613,14
1643554235721,3809.2300644,21
1643554235721,3809.2300673,30
1643554235721,3809.23007,40
1643554235721,3809.2300728,35
1643554235721,3809.2300756,30
1643554235721,3809.2300783,35
1643554235721,3809.230081,35
1643554235721,3809.2300839,33
1643554235721,3809.2300868,52
1643554235721,3809.2300898,71
1643554235743,3809.2300926,52
1643554235743,3809.2300956,28
1643554235743,3809.2300995,42
1643554235743,3809.2301028,52
1643554235743,3809.2301056,38
1643554235743,3809.2301097,23
1643554235743,3809.2301126,4
1643554235743,3809.2301164,-9
1643554235743,3809.2301195,0
1643554235743,3809.2301245,14
1643554235765,3809.2301275,23
1643554235765,3809.2301304,40
1643554235765,3809.2301367,47
1643554235765,3809.2301418,45
1643554235765,3809.2301447,47
1643554235765,3809.2301476,54
1643554235765,3809.2301505,57
1643554235765,3809.2301534,59
1643554235765,3809.2301563,71
1643554235765,3809.2301592,85
1643554235788,3809.2301627,69
1643554235788,3809.230168,50
1643554235788,3809.2301711,57
1643554235788,3809.230175,57
1643554235788,3809.2301779,52
1643554235788,3809.2301818,64
1643554235788,3809.2302082,100
1643554235788,3809.2302229,109
1643554235788,3809.2302291,-143
1643554235788,3809.2302326,-712
1643554235811,3809.2302371,-1046
1643554235811,3809.2302402,-457
1643554235811,3809.2302441,631
1643554235811,3809.2302471,1015
1643554235811,3809.2302507,643
1643554235811,3809.2302537,360
1643554235811,3809.7291908,238
1643554235811,3809.7292696,64
1643554235811,3809.7292838,-9
1643554235811,3809.72929,19
1643554235833,3809.7293111,2
1643554235833,3809.7293243,-33
1643554235833,3809.7293305,-23
1643554235833,3809.7293335,-14
1643554235833,3809.7293375,-19
1643554235833,3809.7293404,-21
1643554235833,3809.7293433,-35
1643554235833,3809.7293462,-57
1643554235833,3809.7293493,-57
1643554235833,3809.729354,-42
1643554235855,3809.729357,-57
1643554235855,3809.7293618,-71
1643554235855,3809.7293648,-64
1643554235855,3809.7293695,-66
1643554236298,3809.7293736,-73
1643554236298,3809.7293766,-83
1643554236298,3809.7293794,-102
1643554236298,3809.7293822,-119
1643554236298,3809.729385,-138
1643554236298,3809.7293878,-176
1643554236298,3809.7293905,-185
1643554236298,3809.7293933,-154
1643554236298,3809.7293961,-138
1643554236298,3809.7293989,-138
1643554236321,3809.7294016,-140
1643554236321,3809.7294044,-138
1643554236321,3809.7294072,-123
1643554236321,3809.72941,-104
1643554236321,3809.7294127,-69
1643554236321,3809.7294155,-26
1643554236321,3809.7294183,7
1643554236321,3809.7294212,45
1643554236321,3809.7294242,52
1643554236321,3809.7294283,30
1643554236344,3809.7294313,47
1643554236344,3809.7294363,85
1643554236344,3809.7294393,83
1643554236344,3809.7294423,57
1643554236344,3809.7294462,52
1643554236344,3809.7294491,50
1643554236344,3809.7294529,33
1643554236344,3809.7294559,40
1643554236344,3809.7294605,50
1643554236344,3809.7294635,21
1643554236365,3809.7294666,-9
1643554236365,3809.7294713,7
1643554236365,3809.7294754,23
1643554236365,3809.7294802,16
1643554236365,3809.7294831,21
1643554236365,3809.7294877,35
1643554236365,3809.7294923,33
1643554236365,3809.7294961,26
1643554236365,3809.7294991,38
1643554236365,3809.7295041,42
1643554236387,3809.7295084,33
1643554236387,3809.7295131,42
1643554236387,3809.729516,42
1643554236387,3809.7295191,14
1643554236387,3809.7295237,9
1643554236387,3809.7295278,28
1643554236387,3809.7295325,38
1643554236387,3809.7295354,38
1643554236387,3809.7295384,23
1643554236387,3809.7295424,-2
1643554236409,3809.7295454,-14
1643554236409,3809.7295501,-2
1643554236409,3809.7295545,7
1643554236409,3809.7295586,2
1643554236409,3809.7295616,11
1643554236409,3810.3251187,38
1643554236409,3810.3251337,59
1643554236409,3810.3251391,59
1643554236409,3810.3251439,54
1643554236409,3810.3251476,66
1643554236431,3810.3251505,78
1643554236431,3810.3251534,71
1643554236431,3810.3251562,57
1643554236431,3810.325159,52
1643554236431,3810.3251618,52
1643554236431,3810.3251647,42
1643554236431,3810.3251675,38
1643554236431,3810.3251703,45
1643554236431,3810.3251731,52
1643554236431,3810.325176,85
1643554236453,3810.3251787,57
1643554236453,3810.3251816,-278
1643554236453,3810.3251844,-867
1643554236453,3810.3251872,-1063
1643554236788,3810.3251901,-307
1643554236788,3810.3251929,765
1643554236788,3810.3251955,994
1643554236788,3810.3251983,579
1643554236788,3810.3252009,350
1643554236788,3810.3252035,224
1643554236788,3810.3252062,30
1643554236788,3810.3252088,-16
1643554236788,3810.3252114,16
1643554236788,3810.3252141,-16
1643554236810,3810.3252167,-40
1643554236810,3810.3252194,-19
1643554236810,3810.325222,-14
1643554236810,3810.3252247,-23
1643554236810,3810.3252272,-26
1643554236810,3810.3252298,-35
1643554236810,3810.3252325,-33
1643554236810,3810.3252351,-28
1643554236810,3810.3252377,-42
1643554236810,3810.3252403,-50
1643554236832,3810.325243,-30
1643554236832,3810.3252459,-30
1643554236832,3810.3252486,-59
1643554236832,3810.3252514,-76
1643554236832,3810.3252542,-71
1643554236832,3810.3252571,-69
1643554236832,3810.3252599,-76
1643554236832,3810.3252627,-92
1643554236832,3810.3252654,-109
1643554236832,3810.3252683,-123
1643554236854,3810.3252711,-131
1643554236854,3810.325274,-114
1643554236854,3810.3252768,-88
1643554236854,3810.3252796,-78
1643554236854,3810.3252823,-76
1643554236854,3810.3252851,-64
1643554236854,3810.3252879,-45
1643554236854,3810.3252908,-19
1643554236854,3810.3252935,9
1643554236854,3810.3252963,42
1643554236877,3810.3252991,61
1643554236877,3810.3253019,71
1643554236877,3810.3253047,85
1643554236877,3810.3253075,90
1643554236877,3810.3253103,95
1643554236877,3810.3253131,100
1643554236877,3810.3253159,95
1643554236877,3810.3253187,78
1643554236877,3810.3253214,66
1643554236877,3810.3253242,69
1643554236900,3810.325327,66
1643554236900,3810.3253298,47
1643554236900,3810.3253326,45
1643554236900,3810.3253355,57
1643554236900,3810.8307846,54
1643554236900,3810.8307972,42
1643554236900,3810.830802,47
1643554236900,3810.830807,47
1643554236900,3810.8308099,40
1643554236900,3810.8308129,42
1643554236922,3810.8308158,35
1643554236922,3810.8308198,9
1643554236922,3810.8308227,7
1643554236922,3810.8308256,26
1643554236922,3810.8308286,26
1643554236922,3810.8308315,26
1643554236922,3810.8308356,28
1643554236922,3810.8308386,26
1643554236922,3810.830843,28
1643554236922,3810.8308458,35
1643554236944,3810.8308486,38
1643554236944,3810.8308514,45
1643554236944,3810.8308543,30
1643554236944,3810.8308571,-4
1643554237354,3810.8308598,-19
1643554237354,3810.8308641,0
1643554237354,3810.830867,21
1643554237354,3810.8308698,16
1643554237354,3810.8308725,7
1643554237354,3810.8308752,23
1643554237354,3810.8308779,52
1643554237354,3810.8308807,66
1643554237354,3810.8308834,66
1643554237354,3810.8308862,59
1643554237376,3810.8308889,61
1643554237376,3810.8308917,78
1643554237376,3810.8308944,85
1643554237376,3810.8308972,73
1643554237376,3810.8309,76
1643554237376,3810.8309027,85
1643554237376,3810.8309055,83
1643554237376,3810.8309082,85
1643554237376,3810.830911,92
1643554237376,3810.8309139,135
1643554237399,3810.8309168,140
1643554237399,3810.8309197,-131
1643554237399,3810.8309227,-698
1643554237399,3810.8309256,-1037
1643554237399,3810.8309293,-476
1643554237399,3810.8309346,660
1643554237399,3810.8309375,1106
1643554237399,3810.8309406,686
1643554237399,3810.8309445,340
1643554237399,3810.8309475,238
1643554237420,3810.8309513,97
1643554237420,3810.8309542,28
1643554237420,3810.8309571,50
1643554237420,3810.8309603,33
1643554237420,3810.830965,11
1643554237420,3810.8309687,19
1643554237420,3810.8309726,16
1643554237420,3810.8309755,11
1643554237420,3810.8309785,14
1643554237420,3810.8309823,2
1643554237442,3810.8309853,0
1643554237442,3810.8309882,7
1643554237442,3810.8309911,7
1643554237442,3810.830995,7
1643554237442,3810.8309979,-2
1643554237442,3810.8310028,-30
1643554237442,3810.8310058,-47
1643554237442,3810.8310087,-42
1643554237442,3810.8310116,-47
1643554237442,3810.8310156,-64
1643554237465,3810.8310185,-73
1643554237465,3810.8310234,-73
1643554237465,3810.8310262,-85
1643554237465,3811.3815087,-100
1643554237465,3811.3815205,-90
1643554237465,3811.3815248,-73
1643554237465,3811.3815297,-73
1643554237465,3811.3815325,-61
1643554237465,3811.3815354,-50
1643554237465,3811.3815382,-57
1643554237487,3811.381542,-50
1643554237487,3811.3815449,-16
1643554237487,3811.3815478,4
1643554237487,3811.3815506,26
1643554237487,3811.3815534,38
1643554237487,3811.3815563,14
1643554237487,3811.3815591,21
1643554237487,3811.381562,52
1643554237487,3811.3815648,35
1643554237487,3811.3815676,14
1643554237510,3811.3815705,28
1643554237510,3811.3815733,30
1643554237510,3811.3815761,7
1643554237510,3811.3815789,11
1643554237909,3811.3815819,38
1643554237909,3811.3815847,40
1643554237909,3811.3815874,14
1643554237909,3811.3815901,4
1643554237909,3811.3815928,16
1643554237909,3811.3815955,19
1643554237909,3811.3815982,21
1643554237909,3811.3816009,26
1643554237909,3811.3816036,26
1643554237909,3811.3816063,33
1643554237943,3811.381609,40
1643554237943,3811.3816117,33
1643554237943,3811.3816144,26
1643554237943,3811.3816171,23
1643554237943,3811.3816198,30
1643554237943,3811.3816225,35
1643554237943,3811.3816252,38
1643554237943,3811.3816279,50
1643554237943,3811.3816308,57
1643554237943,3811.3816336,47
1643554237980,3811.3816364,45
1643554237980,3811.3816393,54
1643554237980,3811.3816421,59
1643554237980,3811.381645,38
1643554237980,3811.3816479,7
1643554237980,3811.3816508,4
1643554237980,3811.3816537,23
1643554237980,3811.3816565,30
1643554237980,3811.3816594,26
1643554237980,3811.3816623,28
1643554238010,3811.3816651,47
1643554238010,3811.3816702,71
1643554238010,3811.3816741,88
1643554238010,3811.3816771,88
1643554238010,3811.3816807,88
1643554238010,3811.3816836,97
1643554238010,3811.3816866,102
1643554238010,3811.3816895,95
1643554238010,3811.3816944,97
1643554238010,3811.3816972,102
1643554238043,3811.3817001,100
1643554238043,3811.381703,97
1643554238043,3811.3817077,97
1643554238043,3811.3817105,116
1643554238043,3811.3817134,169
1643554238043,3811.3817164,104
1643554238043,3811.3817193,-293
1643554238043,3811.3817243,-844
1643554238043,3811.3817283,-882
1643554238043,3811.3817312,-11
1643554238077,3811.3817342,941
1643554238077,3811.3817372,941
1643554238077,3811.9305873,469
1643554238077,3811.9305978,283
1643554238077,3811.930604,195
1643554238077,3811.9306078,73
1643554238077,3811.9306105,59
1643554238077,3811.9306132,78
1643554238077,3811.9306158,52
1643554238077,3811.9306184,45
1643554238110,3811.930621,59
1643554238110,3811.9306236,47
1643554238110,3811.9306262,11
1643554238110,3811.9306288,-7
1643554238110,3811.9306316,-14
1643554238110,3811.9306342,-11
1643554238110,3811.9306371,-11
1643554238110,3811.9306399,-23
1643554238110,3811.9306429,-28
1643554238110,3811.9306471,-23
1643554238143,3811.9306497,-33
1643554238143,3811.9306524,-42
1643554238143,3811.930655,-47
1643554238143,3811.9306578,-50
1643554238510,3811.9306605,-54
1643554238510,3811.9306636,-73
1643554238510,3811.9306663,-90
1643554238510,3811.9306689,-76
1643554238510,3811.9306715,-64
1643554238510,3811.9306742,-73
1643554238510,3811.9306768,-76
1643554238510,3811.9306794,-57
1643554238510,3811.930682,-45
1643554238510,3811.9306847,-40
1643554238543,3811.9306873,-33
1643554238543,3811.9306899,-21
1643554238543,3811.9306925,4
1643554238543,3811.9306951,26
1643554238543,3811.9306977,45
1643554238543,3811.9307003,69
1643554238543,3811.9307029,85
1643554238543,3811.9307055,92
1643554238543,3811.9307082,97
1643554238543,3811.930711,100
1643554238576,3811.9307139,92
1643554238576,3811.9307167,88
1643554238576,3811.9307195,97
1643554238576,3811.9307224,97
1643554238576,3811.9307269,81
1643554238576,3811.9307302,85
1643554238576,3811.9307339,100
1643554238576,3811.9307367,95
1643554238576,3811.9307395,85
1643554238576,3811.9307423,92
1643554238609,3811.9307451,102
1643554238609,3811.9307479,102
1643554238609,3811.9307506,95
1643554238609,3811.9307534,95
1643554238609,3811.9307561,100
1643554238609,3811.9307588,107
1643554238609,3811.9307616,107
1643554238609,3811.9307643,102
1643554238609,3811.9307671,114
1643554238609,3811.93077,123
1643554238642,3811.9307728,116
1643554238642,3811.9307755,121
1643554238642,3811.9307782,131
1643554238642,3811.9307814,121
1643554238642,3811.9307851,109
1643554238642,3811.9307879,114
1643554238642,3811.9307907,109
1643554238642,3811.9307934,78
1643554238642,3811.9307963,54
1643554238642,3811.930799,61
1643554238665,3811.9308017,83
1643554238665,3812.531268,97
1643554238665,3812.5312812,92
1643554238665,3812.531308,92
1643554238665,3812.5313144,112
1643554238665,3812.5313175,126
1643554238665,3812.5313204,131
1643554238665,3812.5313232,138
1643554238665,3812.5313262,135
1643554238665,3812.5313291,109
1643554238687,3812.5313321,88
1643554238687,3812.531335,92
1643554238687,3812.5313379,102
1643554238687,3812.5313408,109
1643554238687,3812.5313438,109
1643554238687,3812.5313467,102
1643554238687,3812.5313496,90
1643554238687,3812.5313526,116
1643554238687,3812.5313582,176
1643554238687,3812.531361,95
1643554238719,3812.531365,-324
1643554238719,3812.5313694,-825
1643554238719,3812.5313723,-715
1643554238719,3812.5313753,178
1643554239145,3812.5313783,918
1643554239145,3812.5313812,808
1643554239145,3812.5313841,431
1643554239145,3812.5313869,286
1643554239145,3812.5313897,164
1643554239145,3812.5313925,52
1643554239145,3812.5313952,57
1643554239145,3812.531398,76
1643554239145,3812.5314008,52
1643554239145,3812.5314036,42
1643554239176,3812.5314063,50
1643554239176,3812.5314091,47
1643554239176,3812.5314118,40
1643554239176,3812.5314146,38
1643554239176,3812.5314174,35
1643554239176,3812.5314202,40
1643554239176,3812.5314231,42
1643554239176,3812.531426,23
1643554239176,3812.5314289,14
1643554239176,3812.5314318,14
1643554239209,3812.5314347,0
1643554239209,3812.5314376,-14
1643554239209,3812.5314406,-21
1643554239209,3812.5314446,-28
1643554239209,3812.5314478,-30
1643554239209,3812.5314521,-30
1643554239209,3812.5314551,-42
1643554239209,3812.5314589,-50
1643554239209,3812.5314618,-47
1643554239209,3812.5314648,-42
1643554239243,3812.5314677,-42
1643554239243,3812.5314707,-45
1643554239243,3812.5314744,-42
1643554239243,3812.5314775,-40
1643554239243,3812.5314813,-35
1643554239243,3812.5314843,-2
1643554239243,3812.5314885,38
1643554239243,3812.5314915,59
1643554239243,3812.5314945,81
1643554239243,3812.5314982,95
1643554239276,3812.5315011,90
1643554239276,3812.5315051,102
1643554239276,3812.5315081,123
1643554239276,3812.5315123,121
1643554239276,3812.5315153,109
1643554239276,3812.5315193,114
1643554239276,3812.5315222,109
1643554239276,3812.5315261,104
1643554239276,3812.5315292,114
1643554239276,3812.5315342,114
1643554239310,3813.1805534,97
1643554239310,3813.180564,95
1643554239310,3813.1805674,107
1643554239310,3813.1805702,107
1643554239310,3813.1805729,97
1643554239310,3813.1805756,95
1643554239310,3813.1805784,107
1643554239310,3813.1805811,119
1643554239310,3813.1805839,116
1643554239310,3813.1805867,107
1643554239343,3813.1805894,107
1643554239343,3813.1805922,116
1643554239343,3813.1805951,116
1643554239343,3813.1805979,83
1643554239343,3813.1806007,54
1643554239343,3813.1806035,66
1643554239343,3813.1806062,69
1643554239343,3813.180609,47
1643554239343,3813.1806118,50
1643554239343,3813.1806146,54
1643554239376,3813.1806173,23
1643554239376,3813.18062,16
1643554239376,3813.1806228,47
1643554239376,3813.1806256,64
1643554239697,3813.1806283,59
1643554239697,3813.180631,54
1643554239697,3813.1806338,66
1643554239697,3813.1806365,95
1643554239697,3813.1806392,109
1643554239697,3813.1806419,97
1643554239697,3813.1806446,102
1643554239697,3813.1806474,119
1643554239697,3813.1806501,119
1643554239697,3813.1806528,114
1643554239720,3813.1806554,112
1643554239720,3813.1806581,109
1643554239720,3813.1806608,109
1643554239720,3813.1806635,104
1643554239720,3813.1806662,107
1643554239720,3813.1806693,131
1643554239720,3813.1806723,169
1643554239720,3813.1806753,112
1643554239720,3813.1806781,-231
1643554239720,3813.1806808,-751
1643554239741,3813.1806836,-825
1643554239741,3813.1806863,-52
1643554239741,3813.1806891,839
1643554239741,3813.1806918,918
1643554239741,3813.1806946,562
1643554239741,3813.1806973,398
1643554239741,3813.1807,262
1643554239741,3813.1807029,92
1643554239741,3813.1807056,71
1643554239741,3813.1807083,97
1643554239764,3813.1807112,66
1643554239764,3813.1807139,50
1643554239764,3813.1807167,59
1643554239764,3813.1807194,50
1643554239764,3813.1807223,57
1643554239764,3813.1807255,64
1643554239764,3813.1807283,42
1643554239764,3813.1807311,33
1643554239764,3813.180734,45
1643554239764,3813.1807366,26
1643554239787,3813.1807393,14
1643554239787,3813.1807421,28
1643554239787,3813.1807448,26
1643554239787,3813.1807476,7
1643554239787,3813.1807504,-11
1643554239787,3813.1807531,-30
1643554239787,3813.1807559,-40
1643554239787,3813.1807587,-42
1643554239787,3813.1807617,-57
1643554239787,3813.7256456,-59
1643554239809,3813.7256575,-52
1643554239809,3813.725661,-52
1643554239809,3813.7256659,-45
1643554239809,3813.7256696,-38
1643554239809,3813.7256733,-47
1643554239809,3813.7256761,-54
1643554239809,3813.7256791,-38
1643554239809,3813.7256839,-16
1643554239809,3813.7256876,11
1643554239809,3813.7256906,45
1643554239831,3813.7256935,64
1643554239831,3813.7256963,69
1643554239831,3813.7256991,83
1643554239831,3813.7257019,107
1643554239831,3813.7257047,114
1643554239831,3813.7257076,114
1643554239831,3813.7257104,119
1643554239831,3813.7257134,109
1643554239831,3813.7257161,88
1643554239831,3813.7257189,81
1643554239853,3813.7257217,76
1643554239853,3813.7257245,66
1643554239853,3813.7257274,69
1643554239853,3813.7257302,66
1643554240187,3813.725733,40
1643554240187,3813.7257358,23
1643554240187,3813.7257385,28
1643554240187,3813.7257411,28
1643554240187,3813.7257437,26
1643554240187,3813.7257464,30
1643554240187,3813.725749,33
1643554240187,3813.7257517,40
1643554240187,3813.7257543,52
1643554240187,3813.7257569,59
1643554240209,3813.7257595,59
1643554240209,3813.7257622,61
1643554240209,3813.7257649,66
1643554240209,3813.7257676,66
1643554240209,3813.7257702,61
1643554240209,3813.7257729,66
1643554240209,3813.7257755,78
1643554240209,3813.7257782,71
1643554240209,3813.725781,40
1643554240209,3813.7257838,19
1643554240231,3813.7257866,23
1643554240231,3813.7257895,35
1643554240231,3813.7257922,45
1643554240231,3813.725795,52
1643554240231,3813.7257978,61
1643554240231,3813.7258006,81
1643554240231,3813.7258312,97
1643554240231,3813.7258363,100
1643554240231,3813.7258392,97
1643554240231,3813.7258421,100
1643554240253,3813.7258449,104
1643554240253,3813.7258477,100
1643554240253,3813.7258505,97
1643554240253,3813.7258535,100
1643554240253,3813.7258574,97
1643554240253,3813.7258603,97
1643554240253,3813.7258632,100
1643554240253,3813.7258661,102
1643554240253,3813.7258689,128
1643554240253,3813.725872,154
1643554240275,3813.7258759,4
1643554240275,3813.7258788,-453
1643554240275,3813.7258836,-875
1643554240275,3813.7258873,-593
1643554240275,3813.7258919,383
1643554240275,3813.725895,1013
1643554240275,3813.7258987,786
1643554240275,3813.7259016,424
1643554240275,3814.2306153,295
1643554240275,3814.2306276,154
1643554240299,3814.2306311,52
1643554240299,3814.2306342,64
1643554240299,3814.2306384,59
1643554240299,3814.2306414,28
1643554240299,3814.2306462,28
1643554240299,3814.2306492,30
1643554240299,3814.2306525,26
1643554240299,3814.2306555,26
1643554240299,3814.2306584,9
1643554240299,3814.2306614,-19
1643554240321,3814.2306666,-19
1643554240321,3814.2306695,-11
1643554240321,3814.2306723,-26
1643554240321,3814.2306753,-33
1643554240321,3814.2306782,-23
1643554240321,3814.2306811,-35
1643554240321,3814.2306839,-54
1643554240321,3814.2306868,-52
1643554240321,3814.2306918,-57
1643554240321,3814.2306946,-73
1643554240343,3814.2306975,-76
1643554240343,3814.2307005,-78
1643554240343,3814.2307033,-92
1643554240343,3814.2307062,-88
1643554240788,3814.2307091,-71
1643554240788,3814.2307123,-64
1643554240788,3814.2307151,-54
1643554240788,3814.2307178,-42
1643554240788,3814.2307205,-35
1643554240788,3814.2307232,-28
1643554240788,3814.230726,-9
1643554240788,3814.2307287,16
1643554240788,3814.2307315,38
1643554240788,3814.2307342,47
1643554240810,3814.230737,64
1643554240810,3814.2307397,78
1643554240810,3814.2307425,81
1643554240810,3814.2307452,83
1643554240810,3814.2307479,90
1643554240810,3814.2307507,88
1643554240810,3814.2307535,78
1643554240810,3814.2307567,69
1643554240810,3814.2307597,69
1643554240810,3814.2307626,66
1643554240832,3814.2307656,57
1643554240832,3814.2307685,54
1643554240832,3814.2307714,57
1643554240832,3814.2307743,54
1643554240832,3814.2307773,47
1643554240832,3814.2307803,47
1643554240832,3814.2307831,54
1643554240832,3814.2307861,59
1643554240832,3814.230789,64
1643554240832,3814.2307918,69
1643554240855,3814.2307948,61
1643554240855,3814.2307977,64
1643554240855,3814.2308006,76
1643554240855,3814.2308035,78
1643554240855,3814.2308063,76
1643554240855,3814.2308092,78
1643554240855,3814.2308121,78
1643554240855,3814.2308152,66
1643554240855,3814.2308182,69
1643554240855,3814.2308211,76
1643554240878,3814.2308241,45
1643554240878,3814.2308273,7
1643554240878,3814.2308302,16
1643554240878,3814.2308333,35
1643554240878,3814.2308382,35
1643554240878,3814.230841,42
1643554240878,3814.230844,52
1643554240878,3814.8251382,61
1643554240878,3814.8251547,81
1643554240878,3814.8251587,97
1643554240900,3814.825164,97
1643554240900,3814.8251681,88
1643554240900,3814.8251712,100
1643554240900,3814.825174,123
1643554240900,3814.8251768,114
1643554240900,3814.8251797,83
1643554240900,3814.8251825,78
1643554240900,3814.8251855,85
1643554240900,3814.8251895,83
1643554240900,3814.8251924,90
1643554240929,3814.8251952,119
1643554240929,3814.8251981,143
1643554240929,3814.825201,19
1643554240929,3814.8252039,-402
1643554240929,3814.825208,-865
1643554240929,3814.8252108,-741
1643554240929,3814.8252137,159
1643554240929,3814.8252166,941
1643554240929,3814.8252204,841
1643554240929,3814.8252233,412
1643554240947,3814.8252264,224
1643554240947,3814.8252312,116
1643554240947,3814.8252342,33
1643554240947,3814.8252389,35
1643554241356,3814.8252418,42
1643554241356,3814.8252447,28
1643554241356,3814.8252475,16
1643554241356,3814.8252503,7
1643554241356,3814.8252533,4
1643554241356,3814.8252563,11
1643554241356,3814.825259,9
1643554241356,3814.8252618,0
1643554241356,3814.8252645,-9
1643554241356,3814.8252672,-7
1643554241389,3814.82527,-7
1643554241389,3814.8252728,-19
1643554241389,3814.8252757,-33
1643554241389,3814.825279,-35
1643554241389,3814.8252817,-38
1643554241389,3814.8252849,-52
1643554241389,3814.8252876,-59
1643554241389,3814.8252927,-59
1643554241389,3814.8252976,-69
1643554241389,3814.8253006,-90
1643554241423,3814.8253057,-104
1643554241423,3814.8253085,-97
1643554241423,3814.8253114,-78
1643554241423,3814.8253144,-69
1643554241423,3814.8253183,-85
1643554241423,3814.8253213,-83
1643554241423,3814.825325,-16
1643554241423,3814.825328,26
1643554241423,3814.825333,7
1643554241423,3814.8253359,0
1643554241455,3814.8253388,16
1643554241455,3814.8253417,35
1643554241455,3814.8253459,69
1643554241455,3814.8253491,95
1643554241455,3814.8253537,90
1643554241455,3814.8253567,71
1643554241455,3814.8253598,66
1643554241455,3814.8253644,78
1643554241455,3814.8253672,85
1643554241455,3814.8253701,76
1643554241488,3814.8253738,73
1643554241488,3814.8253768,73
1643554241488,3814.8253809,54
1643554241488,3814.8253839,42
1643554241488,3814.8253879,61
1643554241488,3814.8253909,61
1643554241488,3815.3763504,47
1643554241488,3815.3763614,59
1643554241488,3815.3763648,66
1643554241488,3815.3763676,40
1643554241522,3815.3763703,33
1643554241522,3815.3763736,42
1643554241522,3815.3763763,59
1643554241522,3815.3763789,52
1643554241522,3815.3763816,26
1643554241522,3815.3763842,30
1643554241522,3815.3763868,47
1643554241522,3815.3763894,45
1643554241522,3815.3763919,45
1643554241522,3815.3763946,33
1643554241579,3815.376398,16
1643554241579,3815.3764009,14
1643554241579,3815.3764036,4
1643554241579,3815.3764064,0
1643554241579,3815.376409,16
1643554241579,3815.3764117,14
1643554241579,3815.3764144,-11
1643554241579,3815.3764171,-2
1643554241579,3815.3764201,38
1643554241579,3815.3764228,59
1643554241601,3815.3764254,50
1643554241601,3815.3764282,50
1643554241601,3815.3764308,52
1643554241601,3815.3764334,38
1643554241954,3815.3764361,26
1643554241954,3815.3764388,23
1643554241954,3815.3764414,35
1643554241954,3815.3764441,52
1643554241954,3815.3764467,66
1643554241954,3815.3764493,90
1643554241954,3815.3764529,102
1643554241954,3815.3764558,95
1643554241954,3815.3764585,126
1643554241954,3815.3764612,90
1643554241988,3815.3764638,-252
1643554241988,3815.3764665,-779
1643554241988,3815.3764691,-877
1643554241988,3815.3764718,-81
1643554241988,3815.3764745,882
1643554241988,3815.3764772,939
1643554241988,3815.3764799,495
1643554241988,3815.3764825,312
1643554241988,3815.3764852,195
1643554241988,3815.3764878,42
1643554242023,3815.3764904,35
1643554242023,3815.3764931,59
1643554242023,3815.3764957,14
1643554242023,3815.3764983,-21
1643554242023,3815.376501,-28
1643554242023,3815.3765037,-35
1643554242023,3815.3765064,-45
1643554242023,3815.376509,-38
1643554242023,3815.3765117,-19
1643554242023,3815.3765144,-26
1643554242056,3815.3765187,-54
1643554242056,3815.3765214,-54
1643554242056,3815.376524,-7
1643554242056,3815.3765267,14
1643554242056,3815.3765294,-30
1643554242056,3815.376532,-47
1643554242056,3815.3765347,-33
1643554242056,3815.3765373,-61
1643554242056,3815.37654,-78
1643554242056,3815.3765426,-64
1643554242089,3815.3765452,-88
1643554242089,3815.3765479,-121
1643554242089,3815.3765516,-112
1643554242089,3815.3765543,-90
1643554242089,3815.376557,-54
1643554242089,3815.9763731,-33
1643554242089,3815.9763853,-66
1643554242089,3815.9763886,-90
1643554242089,3815.9763915,-71
1643554242089,3815.9763942,-45
1643554242122,3815.976397,-16
1643554242122,3815.9763998,-2
1643554242122,3815.9764027,7
1643554242122,3815.9764066,40
1643554242122,3815.9764094,57
1643554242122,3815.9764142,54
1643554242122,3815.976417,73
1643554242122,3815.9764198,71
1643554242122,3815.9764229,61
1643554242122,3815.9764267,107
1643554242154,3815.9764295,121
1643554242154,3815.9764323,81
1643554242154,3815.9764351,64
1643554242154,3815.9764378,69
1643554242154,3815.9764406,50
1643554242154,3815.9764433,23
1643554242154,3815.9764461,21
1643554242154,3815.9764489,28
1643554242154,3815.9764516,19
1643554242154,3815.9764564,16
1643554242189,3815.9764591,26
1643554242189,3815.9764618,21
1643554242189,3815.9764646,11
1643554242189,3815.9764673,28
1643554242389,3815.97647,45
1643554242389,3815.9764727,35
1643554242389,3815.9764753,30
1643554242389,3815.976478,52
1643554242389,3815.9764806,83
1643554242389,3815.9764832,85
1643554242389,3815.9764858,71
1643554242389,3815.9764884,64
1643554242389,3815.976491,45
1643554242389,3815.9764935,19
1643554242422,3815.9764961,23
1643554242422,3815.9764987,50
1643554242422,3815.9765012,35
1643554242422,3815.9765038,14
1643554242422,3815.9765064,47
1643554242422,3815.976509,69
1643554242422,3815.9765116,42
1643554242422,3815.9765161,50
1643554242422,3815.97652,81
1643554242422,3815.9765228,83
1643554242455,3815.9765256,81
1643554242455,3815.9765283,90
1643554242455,3815.9765312,92
1643554242455,3815.9765339,90
1643554242455,3815.9765367,92
1643554242455,3815.9765394,102
1643554242455,3815.9765421,97
1643554242455,3815.976545,92
1643554242455,3815.9765477,138
1643554242455,3815.9765505,92
1643554242490,3815.9765533,-271
1643554242490,3815.9765581,-784
1643554242490,3815.9765607,-798
1643554242490,3815.9765636,14
1643554242490,3815.9765663,894
1643554242490,3815.976569,932
1643554242490,3815.9765718,531
1643554242490,3815.9765745,350
1643554242490,3815.9765773,226
1643554242490,3815.9765801,66
1643554242522,3815.9765828,45
1643554242522,3815.9765856,85
1643554242522,3815.9765884,66
1643554242522,3815.9765912,38
1643554242522,3816.431336,38
1643554242522,3816.4313477,47
1643554242522,3816.4313521,50
1643554242522,3816.4313574,30
1643554242522,3816.4313603,14
1643554242522,3816.4313633,16
1643554242554,3816.4313662,-2
1643554242554,3816.4313699,-26
1643554242554,3816.4313728,-16
1643554242554,3816.4313757,-7
1643554242554,3816.4313786,-28
1643554242554,3816.4313814,-35
1643554242554,3816.4313844,-28
1643554242554,3816.4313873,-38
1643554242554,3816.4313911,-57
1643554242554,3816.4313939,-69
1643554242588,3816.4313968,-78
1643554242588,3816.4313996,-92
1643554242588,3816.4314025,-104
1643554242588,3816.4314062,-85
1643554242588,3816.431409,-61
1643554242588,3816.4314118,-59
1643554242588,3816.4314147,-50
1643554242588,3816.4314184,-35
1643554242588,3816.4314213,-38
1643554242588,3816.4314251,-30
1643554242621,3816.431428,-7
1643554242621,3816.4314309,16
1643554242621,3816.4314338,45
1643554242621,3816.4314375,71
1643554242986,3816.4314404,76
1643554242986,3816.4314432,76
1643554242986,3816.4314458,85
1643554242986,3816.4314485,95
1643554242986,3816.4314512,83
1643554242986,3816.4314539,66
1643554242986,3816.4314566,57
1643554242986,3816.4314593,50
1643554242986,3816.4314619,50
1643554242986,3816.4314646,50
1643554243009,3816.4314672,42
1643554243009,3816.4314699,40
1643554243009,3816.4314726,33
1643554243009,3816.4314752,19
1643554243009,3816.4314779,21
1643554243009,3816.4314806,30
1643554243009,3816.4314833,21
1643554243009,3816.4314862,16
1643554243009,3816.4314892,30
1643554243009,3816.431492,35
1643554243031,3816.4314949,30
1643554243031,3816.4314978,38
1643554243031,3816.4315007,42
1643554243031,3816.4315035,40
1643554243031,3816.4315063,52
1643554243031,3816.4315091,54
1643554243031,3816.431512,50
1643554243031,3816.4315148,52
1643554243031,3816.4315176,38
1643554243031,3816.4315205,2
1643554243053,3816.4315233,-7
1643554243053,3816.4315263,14
1643554243053,3816.4315291,23
1643554243053,3816.431532,21
1643554243053,3816.4315348,33
1643554243053,3816.4315377,52
1643554243053,3816.4315405,64
1643554243053,3816.4315444,76
1643554243053,3816.4315473,85
1643554243053,3816.4315501,92
1643554243075,3816.431555,92
1643554243075,3816.431559,81
1643554243075,3816.4315619,76
1643554243075,3817.0294331,85
1643554243075,3817.0294434,83
1643554243075,3817.0294468,81
1643554243075,3817.0294496,81
1643554243075,3817.0294523,81
1643554243075,3817.0294549,88
1643554243075,3817.0294575,119
1643554243099,3817.0294601,112
1643554243099,3817.0294628,-131
1643554243099,3817.0294654,-631
1643554243099,3817.029468,-941
1643554243099,3817.0294706,-443
1643554243099,3817.0294732,586
1643554243099,3817.0294758,991
1643554243099,3817.0294785,598
1643554243099,3817.0294811,264
1643554243099,3817.0294836,166
1643554243128,3817.0294861,45
1643554243128,3817.0294887,-4
1643554243128,3817.0294913,23
1643554243128,3817.0294938,11
1643554243128,3817.0294964,-9
1643554243128,3817.0294989,-7
1643554243128,3817.0295015,-14
1643554243128,3817.029504,-30
1643554243128,3817.0295066,-23
1643554243128,3817.0295091,-11
1643554243146,3817.0295117,-28
1643554243146,3817.0295144,-40
1643554243146,3817.0295169,-40
1643554243146,3817.0295194,-66
1643554243491,3817.0295219,-81
1643554243491,3817.0295244,-54
1643554243491,3817.029527,-42
1643554243491,3817.0295295,-71
1643554243491,3817.029532,-85
1643554243491,3817.0295345,-81
1643554243491,3817.029537,-88
1643554243491,3817.0295395,-128
1643554243491,3817.029542,-152
1643554243491,3817.0295446,-109
1643554243523,3817.0295471,-64
1643554243523,3817.0295504,-71
1643554243523,3817.0295529,-69
1643554243523,3817.0295555,-38
1643554243523,3817.0295583,-40
1643554243523,3817.0295609,-50
1643554243523,3817.0295634,-19
1643554243523,3817.0295659,19
1643554243523,3817.0295685,35
1643554243523,3817.029571,47
1643554243556,3817.0295736,61
1643554243556,3817.0295761,81
1643554243556,3817.0295786,95
1643554243556,3817.0295812,97
1643554243556,3817.0295837,81
1643554243556,3817.0295862,73
1643554243556,3817.0295888,88
1643554243556,3817.0295914,97
1643554243556,3817.029594,90
1643554243556,3817.0295965,88
1643554243590,3817.0295991,97
1643554243590,3817.0296017,92
1643554243590,3817.0296043,66
1643554243590,3817.0296068,64
1643554243590,3817.0296095,85
1643554243590,3817.0296132,83
1643554243590,3817.0296159,66
1643554243590,3817.0296184,57
1643554243590,3817.029621,54
1643554243590,3817.0296236,71
1643554243622,3817.0296261,73
1643554243622,3817.0296288,52
1643554243622,3817.5310043,50
1643554243622,3817.5310165,52
1643554243622,3817.53102,38
1643554243622,3817.5310248,45
1643554243622,3817.5310277,66
1643554243622,3817.5310307,71
1643554243622,3817.5310335,64
1643554243622,3817.5310363,38
1643554243656,3817.5310391,9
1643554243656,3817.5310418,4
1643554243656,3817.5310446,16
1643554243656,3817.5310474,21
1643554243656,3817.5310501,30
1643554243656,3817.5310529,45
1643554243656,3817.5310556,40
1643554243656,3817.5310584,26
1643554243656,3817.5310615,23
1643554243656,3817.5310644,33
1643554243689,3817.5310671,35
1643554243689,3817.53107,30
1643554243689,3817.5310728,30
1643554243689,3817.5310756,30
1643554243689,3817.5310784,38
1643554243689,3817.5310812,57
1643554243689,3817.5310841,59
1643554243689,3817.5310869,38
1643554243689,3817.5310898,42
1643554243689,3817.5310926,85
1643554243723,3817.5310954,128
1643554243723,3817.5310982,11
1643554243723,3817.531101,-410
1643554243723,3817.5311039,-894
1643554244156,3817.5311067,-774
1643554244156,3817.5311094,176
1643554244156,3817.5311121,994
1643554244156,3817.5311147,867
1643554244156,3817.5311174,438
1643554244156,3817.53112,283
1643554244156,3817.5311227,164
1643554244156,3817.5311253,42
1643554244156,3817.5311279,30
1643554244156,3817.5311306,47
1643554244189,3817.5311332,42
1643554244189,3817.5311359,38
1643554244189,3817.5311387,28
1643554244189,3817.5311414,26
1643554244189,3817.5311443,28
1643554244189,3817.5311471,14
1643554244189,3817.5311499,0
1643554244189,3817.5311528,2
1643554244189,3817.5311557,14
1643554244189,3817.5311585,21
1643554244222,3817.5311613,14
1643554244222,3817.5311642,-2
1643554244222,3817.531167,-14
1643554244222,3817.5311699,-16
1643554244222,3817.5311728,-14
1643554244222,3817.5311755,-16
1643554244222,3817.5311783,-33
1643554244222,3817.531181,-71
1643554244222,3817.5311838,-88
1643554244222,3817.5311867,-71
1643554244255,3817.5311897,-59
1643554244255,3817.5311925,-45
1643554244255,3817.5311954,-26
1643554244255,3817.5311982,-14
1643554244255,3817.5312116,-14
1643554244255,3817.5312174,-14
1643554244255,3817.5312215,0
1643554244255,3817.5312254,26
1643554244255,3817.5312282,45
1643554244255,3817.531231,61
1643554244288,3817.5312339,90
1643554244288,3818.1791822,116
1643554244288,3818.1791947,114
1643554244288,3818.1791982,112
1643554244288,3818.1792032,131
1643554244288,3818.1792061,135
1643554244288,3818.1792091,119
1643554244288,3818.1792119,97
1643554244288,3818.1792147,69
1643554244288,3818.1792174,54
1643554244323,3818.1792202,61
1643554244323,3818.1792583,64
1643554244323,3818.179292,52
1643554244323,3818.1792955,30
1643554244323,3818.1792982,30
1643554244323,3818.1793011,35
1643554244323,3818.179304,28
1643554244323,3818.1793069,26
1643554244323,3818.1793097,26
1643554244323,3818.1793334,26
1643554244357,3818.1793372,35
1643554244357,3818.17934,40
1643554244357,3818.1793427,40
1643554244357,3818.1793454,40
1643554244357,3818.179348,45
1643554244357,3818.1793507,40
1643554244357,3818.1793545,30
1643554244357,3818.1793575,40
1643554244357,3818.1793603,54
1643554244357,3818.1793632,52
1643554244390,3818.179366,30
1643554244390,3818.1793688,14
1643554244390,3818.1793716,4
1643554244390,3818.1793744,0
1643554244631,3818.1793773,4
1643554244631,3818.1793801,7
1643554244631,3818.1793828,2
1643554244631,3818.1793854,16
1643554244631,3818.1793881,40
1643554244631,3818.1793908,50
1643554244631,3818.1793935,57
1643554244631,3818.1793962,59
1643554244631,3818.1793988,45
1643554244631,3818.1794015,47
1643554244657,3818.1794041,54
1643554244657,3818.1794068,42
1643554244657,3818.1794094,47
1643554244657,3818.1794121,47
1643554244657,3818.1794148,30
1643554244657,3818.1794174,38
1643554244657,3818.1794202,54
1643554244657,3818.1794228,66
1643554244657,3818.1794255,100
1643554244657,3818.1794282,0
1643554244681,3818.1794312,-419
1643554244681,3818.179434,-910
1643554244681,3818.1794368,-815
1643554244681,3818.1794397,121
1643554244681,3818.1794425,960
1643554244681,3818.1794453,841
1643554244681,3818.1794482,393
1643554244681,3818.1794513,243
1643554244681,3818.1794566,140
1643554244681,3818.1794595,23
1643554244698,3818.1794636,26
1643554244698,3818.1794666,33
1643554244698,3818.1794694,0
1643554244698,3818.1794722,0
1643554244698,3818.179477,7
1643554244698,3818.1794811,2
1643554244698,3818.179484,4
1643554244698,3818.1794869,2
1643554244698,3818.1794897,-4
1643554244698,3818.1794926,0
1643554244720,3818.6756948,-2
1643554244720,3818.6757135,-21
1643554244720,3818.6757197,-35
1643554244720,3818.6757231,-33
1643554244720,3818.6757278,-42
1643554244720,3818.6757327,-61
1643554244720,3818.6757356,-69
1643554244720,3818.6757394,-73
1643554244720,3818.6757424,-85
1643554244720,3818.6757453,-97
1643554244745,3818.6757704,-107
1643554244745,3818.6757776,-116
1643554244745,3818.675781,-112
1643554244745,3818.6757862,-95
1643554244745,3818.6757892,-78
1643554244745,3818.6757923,-81
1643554244745,3818.675797,-88
1643554244745,3818.6758005,-76
1643554244745,3818.6758053,-69
1643554244745,3818.6758093,-71
