pID,timestamp,trackable,posX,posY,posZ,rotX,rotY,rotZ,
0,1643461270887,RightFoot_Target,1.575868,0.04765848,0.1769083,3.806402,14.14228,356.7431,
0,1643461271021,RightFoot_Target,1.576081,0.0481918,0.1766254,3.68167,14.12814,356.6574,
0,1643461271121,RightFoot_Target,1.576217,0.04803708,0.1764905,3.581373,14.07362,356.3174,
0,1643461271234,RightFoot_Target,1.57619,0.0483143,0.1765599,3.55839,14.09291,356.3281,
0,1643461271355,RightFoot_Target,1.5759,0.04864325,0.1763374,3.486963,14.09765,356.2693,
0,1643461271476,RightFoot_Target,1.575962,0.0485743,0.1768059,3.465806,14.05283,356.1627,
0,1643461271586,RightFoot_Target,1.57567,0.04892407,0.1764089,3.431965,14.08801,356.1288,
0,1643461271704,RightFoot_Target,1.575564,0.04887865,0.1765333,3.412713,14.13075,356.0824,
0,1643461271803,RightFoot_Target,1.575269,0.04797038,0.17621,3.49766,14.20427,356.1679,
0,1643461271904,RightFoot_Target,1.575607,0.04813269,0.1761625,3.510689,14.21504,356.21,
0,1643461272004,RightFoot_Target,1.575578,0.04802167,0.17608,3.508709,14.20464,356.1528,
0,1643461272137,RightFoot_Target,1.57565,0.04927623,0.1765759,3.506707,14.21461,356.0606,
0,1643461272237,RightFoot_Target,1.575364,0.04835201,0.1759997,3.452003,14.2186,356.0376,
0,1643461272359,RightFoot_Target,1.574883,0.04902827,0.1760383,3.408128,14.28989,356.106,
0,1643461272475,RightFoot_Target,1.575092,0.04887374,0.1757647,3.378516,14.27573,356.1768,
0,1643461272585,RightFoot_Target,1.575175,0.04870084,0.176009,3.368534,14.35394,356.2105,
0,1643461272688,RightFoot_Target,1.57536,0.04910631,0.1762155,3.424,14.38714,356.192,
0,1643461272799,RightFoot_Target,1.575531,0.04932945,0.1760507,3.501781,14.39578,356.1402,
0,1643461272915,RightFoot_Target,1.575053,0.04893929,0.1754884,3.501381,14.28907,356.126,
0,1643461273025,RightFoot_Target,1.574942,0.04910406,0.1758718,3.555463,14.23898,356.1457,
0,1643461273129,RightFoot_Target,1.575159,0.04880536,0.1761816,3.581514,14.23041,356.1732,
0,1643461273259,RightFoot_Target,1.575246,0.04852849,0.1763781,3.575766,14.17589,356.1345,
0,1643461273367,RightFoot_Target,1.575461,0.04942309,0.1764322,3.583209,14.20027,356.0776,
0,1643461273493,RightFoot_Target,1.575155,0.04869378,0.1759693,3.570473,14.21834,356.0761,
0,1643461273594,RightFoot_Target,1.575179,0.04903365,0.1761845,3.548337,14.24668,356.0248,
0,1643461273695,RightFoot_Target,1.575092,0.04901651,0.1761912,3.532755,14.26645,356.0661,
0,1643461273810,RightFoot_Target,1.574871,0.04819776,0.1759082,3.559293,14.24749,356.046,
0,1643461273925,RightFoot_Target,1.575696,0.04871568,0.1765831,3.613987,14.1713,356.0092,
0,1643461274028,RightFoot_Target,1.575776,0.04806632,0.1759817,3.662652,14.1397,355.976,
0,1643461274149,RightFoot_Target,1.575569,0.04828514,0.1764348,3.704583,14.18788,356.045,
0,1643461274249,RightFoot_Target,1.575799,0.04829472,0.1764118,3.73543,14.24297,356.1307,
0,1643461274386,RightFoot_Target,1.575777,0.04820408,0.1762957,3.768782,14.26415,356.2242,
0,1643461274521,RightFoot_Target,1.57599,0.04808792,0.1764121,3.780737,14.217,356.2023,
0,1643461274649,RightFoot_Target,1.57608,0.04803157,0.1762375,3.773703,14.18655,356.1604,
0,1643461274759,RightFoot_Target,1.57611,0.04842503,0.1762089,3.778425,14.20821,356.1082,
0,1643461274883,RightFoot_Target,1.575723,0.04839665,0.1764047,3.775963,14.19072,356.1576,
0,1643461274986,RightFoot_Target,1.575834,0.0482606,0.1762584,3.802487,14.19386,356.2175,
0,1643461275087,RightFoot_Target,1.575854,0.04862461,0.1762752,3.870427,14.18582,356.164,
0,1643461275201,RightFoot_Target,1.575589,0.04817661,0.1762594,3.867646,14.21902,356.3361,
0,1643461275324,RightFoot_Target,1.575455,0.04804992,0.1760534,3.870656,14.21439,356.2676,
0,1643461275425,RightFoot_Target,1.57531,0.04805132,0.1761913,3.873179,14.22981,356.3819,
0,1643461275547,RightFoot_Target,1.57546,0.04810505,0.1765589,3.788936,14.27186,356.3557,
0,1643461275676,RightFoot_Target,1.574921,0.04828309,0.1763742,3.709732,14.32837,356.3463,
0,1643461275806,RightFoot_Target,1.575442,0.04764328,0.1762827,3.569122,14.41638,356.308,
0,1643461275909,RightFoot_Target,1.575523,0.04794404,0.1761734,3.621825,14.50556,356.412,
0,1643461276038,RightFoot_Target,1.574772,0.04745629,0.1768468,3.715451,14.63066,357.2361,
0,1643461276138,RightFoot_Target,1.575284,0.04770753,0.1763687,3.67061,14.4785,356.8421,
0,1643461276239,RightFoot_Target,1.575654,0.04797051,0.1762646,3.386406,14.29753,356.1591,
0,1643461276352,RightFoot_Target,1.575785,0.04818672,0.1764138,3.378416,14.34713,356.1593,
0,1643461276465,RightFoot_Target,1.575775,0.04812427,0.1764918,3.315883,14.50041,356.696,
0,1643461276588,RightFoot_Target,1.575695,0.04861896,0.1762972,3.462903,14.32108,356.6738,
0,1643461276706,RightFoot_Target,1.575383,0.04837207,0.1759458,3.179595,14.19374,356.0073,
0,1643461276806,RightFoot_Target,1.574816,0.04784224,0.1762309,3.353848,14.44284,356.7176,
0,1643461276912,RightFoot_Target,1.575013,0.04855903,0.1761674,3.321999,14.30408,356.6371,
0,1643461277016,RightFoot_Target,1.575141,0.04843012,0.176267,3.36167,14.21513,356.186,
0,1643461277117,RightFoot_Target,1.575125,0.04824995,0.175873,3.177425,14.25619,356.1051,
0,1643461277249,RightFoot_Target,1.575082,0.0476829,0.175884,3.231159,14.44726,356.6579,
0,1643461277351,RightFoot_Target,1.575116,0.04828813,0.1760457,3.359395,14.33451,356.4861,
0,1643461277484,RightFoot_Target,1.575429,0.04840533,0.176182,3.445633,14.26624,356.2482,
0,1643461277632,RightFoot_Target,1.575147,0.04752187,0.1761047,3.459884,14.39801,356.5563,
0,1643461277751,RightFoot_Target,1.575242,0.04848304,0.1762802,3.502156,14.33883,356.4843,
0,1643461277869,RightFoot_Target,1.575404,0.04791355,0.1761306,3.585575,14.26461,356.2464,
0,1643461277982,RightFoot_Target,1.575525,0.04777164,0.1762447,3.538205,14.30734,356.3737,
0,1643461278096,RightFoot_Target,1.575493,0.04779268,0.1762855,3.604483,14.33239,356.4455,
0,1643461278220,RightFoot_Target,1.575648,0.0477869,0.1762149,3.663324,14.3105,356.3854,
0,1643461278336,RightFoot_Target,1.575665,0.04758158,0.1761469,3.713363,14.2871,356.4743,
0,1643461278473,RightFoot_Target,1.575618,0.04749455,0.1763463,3.834466,14.31461,356.6011,
0,1643461278605,RightFoot_Target,1.575118,0.04731237,0.1766609,3.835183,14.26058,356.6563,
0,1643461278705,RightFoot_Target,1.575637,0.0472438,0.1763926,3.816478,14.27669,356.669,
0,1643461278839,RightFoot_Target,1.575375,0.04706272,0.1761725,3.821933,14.29404,356.7445,
0,1643461278955,RightFoot_Target,1.57566,0.04735856,0.176523,3.902699,14.39505,356.734,
0,1643461279059,RightFoot_Target,1.575749,0.04736716,0.1762688,3.856062,14.42083,356.76,
0,1643461279159,RightFoot_Target,1.575711,0.04694965,0.1760442,3.858059,14.39643,356.7821,
0,1643461279282,RightFoot_Target,1.575793,0.04788657,0.1765425,3.839495,14.40872,356.7469,
0,1643461279384,RightFoot_Target,1.575759,0.04716533,0.1763464,3.786045,14.39722,356.7759,
0,1643461279499,RightFoot_Target,1.575445,0.04748648,0.1764434,3.74444,14.41286,356.7226,
0,1643461279625,RightFoot_Target,1.575874,0.04750799,0.17651,3.752843,14.39825,356.7621,
0,1643461279751,RightFoot_Target,1.575909,0.04765183,0.1766142,3.718574,14.3204,356.7234,
0,1643461279884,RightFoot_Target,1.575976,0.04733003,0.176494,3.751873,14.29248,356.7891,
0,1643461280020,RightFoot_Target,1.576142,0.04760262,0.1766035,3.704923,14.29734,356.7941,
0,1643461280149,RightFoot_Target,1.575266,0.04800925,0.1763432,3.667243,14.45006,356.9436,
0,1643461280266,RightFoot_Target,1.575863,0.04777328,0.1765153,3.548227,14.41685,356.9112,
0,1643461280377,RightFoot_Target,1.575342,0.04828119,0.1763627,3.546984,14.3999,356.8508,
0,1643461280483,RightFoot_Target,1.575789,0.04756569,0.176235,3.508122,14.30733,356.7754,
0,1643461280601,RightFoot_Target,1.575754,0.04758514,0.1762118,3.450116,14.21255,356.6777,
0,1643461280703,RightFoot_Target,1.576073,0.04806031,0.1765745,3.409098,14.23605,356.6943,
0,1643461280824,RightFoot_Target,1.576275,0.0474156,0.1762994,3.334531,14.1307,356.5585,
0,1643461280926,RightFoot_Target,1.576221,0.04770585,0.176482,3.305454,14.11775,356.5161,
0,1643461281026,RightFoot_Target,1.576138,0.04770537,0.1765138,3.271562,14.14633,356.4933,
0,1643461281130,RightFoot_Target,1.576068,0.04796415,0.1764817,3.269722,14.15954,356.5135,
0,1643461281261,RightFoot_Target,1.575744,0.04795338,0.1765658,3.184513,14.10801,356.4151,
0,1643461281362,RightFoot_Target,1.575516,0.04810644,0.1763517,3.159895,14.13271,356.4009,
0,1643461281494,RightFoot_Target,1.575646,0.04847946,0.1762263,3.089024,14.17652,356.4171,
0,1643461281607,RightFoot_Target,1.575568,0.04849245,0.1762578,2.968869,14.16975,356.3122,
0,1643461281726,RightFoot_Target,1.575237,0.04794888,0.1760094,2.877629,14.25207,356.3308,
0,1643461281840,RightFoot_Target,1.575342,0.04758754,0.1762066,2.897806,14.32837,356.4076,
0,1643461281949,RightFoot_Target,1.575283,0.04814961,0.175988,2.916515,14.31704,356.36,
0,1643461282069,RightFoot_Target,1.575275,0.04787458,0.1760705,3.006903,14.442,356.5256,
0,1643461282171,RightFoot_Target,1.575197,0.04761763,0.1760243,3.05235,14.45215,356.5444,
0,1643461282271,RightFoot_Target,1.575234,0.04810615,0.1764937,3.183353,14.46812,356.582,
0,1643461282405,RightFoot_Target,1.575395,0.04751556,0.1764106,3.215626,14.41071,356.7418,
0,1643461282514,RightFoot_Target,1.57522,0.04733649,0.1764186,3.282045,14.44808,356.8237,
0,1643461282637,RightFoot_Target,1.5755,0.04723901,0.1763442,3.26484,14.51338,356.8892,
0,1643461282738,RightFoot_Target,1.575469,0.0466765,0.1766053,3.471666,14.50016,357.0754,
0,1643461282840,RightFoot_Target,1.575421,0.04670753,0.1765997,3.559231,14.50169,357.1818,
0,1643461282947,RightFoot_Target,1.575523,0.04712437,0.1767171,3.63357,14.47011,357.2841,
0,1643461283057,RightFoot_Target,1.575503,0.04702853,0.1766919,3.525606,14.47753,357.3686,
0,1643461283160,RightFoot_Target,1.575661,0.04707779,0.1766715,3.583905,14.50723,357.4465,
0,1643461283266,RightFoot_Target,1.575602,0.04694113,0.1763788,3.601924,14.52898,357.4243,
0,1643461283384,RightFoot_Target,1.57574,0.04701463,0.1766546,3.661647,14.50915,357.3677,
0,1643461283500,RightFoot_Target,1.575629,0.04702251,0.1766758,3.740544,14.472,357.2475,
0,1643461283618,RightFoot_Target,1.575873,0.04712271,0.1765188,3.814794,14.42277,357.1295,
0,1643461283718,RightFoot_Target,1.576008,0.04720459,0.1764696,3.816529,14.36051,356.978,
0,1643461283850,RightFoot_Target,1.576075,0.04727669,0.1768374,4.029617,14.26929,356.9315,
0,1643461283955,RightFoot_Target,1.576333,0.04756368,0.1769921,4.140824,14.15913,357.0017,
0,1643461284085,RightFoot_Target,1.576499,0.04757719,0.1773826,4.220908,14.07557,357.2025,
0,1643461284186,RightFoot_Target,1.576854,0.04710497,0.1772974,4.261794,14.00016,357.4036,
0,1643461284305,RightFoot_Target,1.576186,0.04703275,0.1772808,4.197523,14.035,357.6459,
0,1643461284406,RightFoot_Target,1.575989,0.04679167,0.1771428,4.206296,14.08773,357.747,
0,1643461284525,RightFoot_Target,1.575255,0.04671729,0.1773862,4.210874,14.1386,357.8878,
0,1643461284636,RightFoot_Target,1.575465,0.04697911,0.1775151,4.17177,14.1529,357.718,
0,1643461284756,RightFoot_Target,1.575631,0.04736015,0.1769533,4.090147,14.17722,357.3921,
0,1643461284859,RightFoot_Target,1.575588,0.04724295,0.1775498,4.113906,14.20524,357.3654,
0,1643461284961,RightFoot_Target,1.575429,0.04615409,0.1768461,4.098341,14.26048,357.441,
0,1643461285095,RightFoot_Target,1.575611,0.04735037,0.1770774,4.257381,14.30974,357.6974,
0,1643461285196,RightFoot_Target,1.575615,0.0473873,0.1766579,4.195952,14.32608,357.5011,
0,1643461285326,RightFoot_Target,1.575117,0.04672173,0.1768432,4.143003,14.39571,357.4124,
0,1643461285432,RightFoot_Target,1.575415,0.04763,0.177066,4.172796,14.38891,357.3965,
0,1643461285543,RightFoot_Target,1.575082,0.04721913,0.1767049,4.172393,14.36619,357.359,
0,1643461285662,RightFoot_Target,1.575096,0.04726183,0.1767493,4.21933,14.37111,357.2103,
0,1643461285773,RightFoot_Target,1.575237,0.04754451,0.1769776,4.2701,14.33833,357.1014,
0,1643461285888,RightFoot_Target,1.575096,0.04739901,0.1764138,4.293421,14.28559,357.0132,
0,1643461285999,RightFoot_Target,1.575191,0.04725231,0.1764049,4.36451,14.38448,356.8929,
0,1643461286106,RightFoot_Target,1.575539,0.04706281,0.1761741,4.228213,14.25501,356.8929,
0,1643461286236,RightFoot_Target,1.575398,0.04778286,0.1767368,4.161007,14.2155,356.9372,
0,1643461286337,RightFoot_Target,1.575176,0.04757853,0.1764003,4.196987,14.33403,356.935,
0,1643461286438,RightFoot_Target,1.57539,0.04715116,0.1764788,4.143012,14.35785,356.9397,
0,1643461286570,RightFoot_Target,1.575476,0.04730465,0.1768171,4.204264,14.50925,356.9894,
0,1643461286670,RightFoot_Target,1.575358,0.04715969,0.1764202,4.141769,14.48915,357.0892,
0,1643461286805,RightFoot_Target,1.575454,0.04718384,0.1765125,3.816345,14.55121,357.0008,
0,1643461286919,RightFoot_Target,1.575589,0.04688227,0.1762994,3.439245,14.5372,356.8484,
0,1643461287028,RightFoot_Target,1.57562,0.0474278,0.1764246,2.97951,14.63129,356.6958,
0,1643461287144,RightFoot_Target,1.575641,0.04749714,0.1761941,2.560443,14.62738,356.7495,
0,1643461287255,RightFoot_Target,1.575738,0.04700343,0.1762435,2.358742,14.62238,356.9313,
0,1643461287370,RightFoot_Target,1.576103,0.04647493,0.1764773,2.370856,14.54188,356.937,
0,1643461287488,RightFoot_Target,1.576494,0.04650564,0.1762298,2.505032,14.5778,357.0162,
0,1643461287615,RightFoot_Target,1.576437,0.04668272,0.1762082,2.879444,14.59303,357.335,
0,1643461287716,RightFoot_Target,1.576611,0.04614858,0.1762416,3.063705,14.53504,357.2827,
0,1643461287816,RightFoot_Target,1.576607,0.04636091,0.176776,3.225581,14.50648,357.291,
0,1643461287920,RightFoot_Target,1.576877,0.04631617,0.176698,3.602303,14.4816,357.538,
0,1643461288050,RightFoot_Target,1.577023,0.04669064,0.1770229,4.349184,14.21608,357.913,
0,1643461288151,RightFoot_Target,1.576306,0.04637782,0.1775917,4.532857,14.11309,358.3976,
0,1643461288273,RightFoot_Target,1.57688,0.04586945,0.1770532,4.655526,14.14099,358.5608,
0,1643461288385,RightFoot_Target,1.577152,0.04663996,0.1777021,4.591943,14.12259,358.4841,
0,1643461288487,RightFoot_Target,1.576942,0.04677404,0.1776246,4.45542,14.07752,358.3781,
0,1643461288593,RightFoot_Target,1.577039,0.0468533,0.1773744,4.308952,14.06653,358.1396,
0,1643461288711,RightFoot_Target,1.576971,0.04719163,0.1772275,4.152639,14.0912,358.0664,
0,1643461288839,RightFoot_Target,1.57683,0.04751341,0.1772117,4.104446,14.1659,357.9785,
0,1643461288940,RightFoot_Target,1.577791,0.04715385,0.1772378,3.994485,13.96616,357.7451,
0,1643461289045,RightFoot_Target,1.576861,0.04684526,0.1771506,3.950704,14.02656,357.7798,
0,1643461289173,RightFoot_Target,1.576569,0.0464838,0.1768228,3.894682,14.15547,357.839,
0,1643461289273,RightFoot_Target,1.57656,0.04694907,0.1772795,3.78407,14.25508,357.8744,
0,1643461289405,RightFoot_Target,1.576704,0.04703056,0.1767864,3.699556,14.2901,357.7783,
0,1643461289507,RightFoot_Target,1.576516,0.04685664,0.1766355,3.551471,14.2969,357.6515,
0,1643461289617,RightFoot_Target,1.576435,0.04704194,0.1765959,3.523257,14.30539,357.5606,
0,1643461289719,RightFoot_Target,1.576454,0.04716487,0.1763634,3.477102,14.29688,357.491,
0,1643461289823,RightFoot_Target,1.576341,0.04719581,0.1764686,3.422383,14.30624,357.4984,
0,1643461289925,RightFoot_Target,1.57684,0.04749031,0.1768276,3.319953,14.28457,357.5142,
0,1643461290026,RightFoot_Target,1.576501,0.04771614,0.1768139,3.26692,14.31892,357.6174,
0,1643461290130,RightFoot_Target,1.576812,0.04666442,0.1762218,3.179613,14.30907,357.5633,
0,1643461290240,RightFoot_Target,1.576108,0.04745528,0.176576,3.147363,14.28449,357.5648,
0,1643461290373,RightFoot_Target,1.576387,0.04747479,0.1765067,3.122008,14.28495,357.5385,
0,1643461290483,RightFoot_Target,1.576288,0.04753766,0.1767297,3.130251,14.28709,357.6247,
0,1643461290605,RightFoot_Target,1.576219,0.04693983,0.1764499,3.156631,14.31466,357.7777,
0,1643461290744,RightFoot_Target,1.575823,0.04751578,0.1765505,3.188112,14.34965,357.8241,
0,1643461290874,RightFoot_Target,1.576124,0.04754993,0.1766664,3.168679,14.31977,357.6737,
0,1643461290986,RightFoot_Target,1.575652,0.04723057,0.176643,3.221111,14.35762,357.6831,
0,1643461291102,RightFoot_Target,1.576385,0.04795895,0.1768002,3.20547,14.46408,357.7056,
0,1643461291212,RightFoot_Target,1.576009,0.04823429,0.1767436,3.224632,14.53143,357.7463,
0,1643461291330,RightFoot_Target,1.575828,0.04738468,0.176473,3.155961,14.42518,357.5768,
0,1643461291438,RightFoot_Target,1.576066,0.04770615,0.1765366,3.191307,14.3274,357.4464,
0,1643461291542,RightFoot_Target,1.575984,0.04754085,0.1765932,3.205817,14.29841,357.3141,
0,1643461291661,RightFoot_Target,1.576018,0.04791796,0.1764805,3.213099,14.26349,357.2074,
0,1643461291799,RightFoot_Target,1.576197,0.0474722,0.1764341,3.344331,14.18264,357.0997,
0,1643461291926,RightFoot_Target,1.576009,0.0478413,0.1769396,3.432528,14.14404,357.0157,
0,1643461292027,RightFoot_Target,1.576265,0.04729878,0.1766441,3.504335,14.11584,357.0219,
0,1643461292127,RightFoot_Target,1.576119,0.04766342,0.1769551,3.559972,14.11654,357.0721,
0,1643461292228,RightFoot_Target,1.576265,0.04778481,0.1768675,3.590725,14.10409,356.9917,
0,1643461292339,RightFoot_Target,1.576353,0.04785067,0.1768351,3.599103,14.10954,356.9803,
0,1643461292456,RightFoot_Target,1.57619,0.04740656,0.1766779,3.660709,14.1364,357.041,
0,1643461292561,RightFoot_Target,1.576119,0.04763816,0.1767763,3.721919,14.14202,357.1115,
0,1643461292663,RightFoot_Target,1.576021,0.04685331,0.1769264,3.782839,14.15263,357.3057,
0,1643461292770,RightFoot_Target,1.576516,0.04708268,0.1766655,3.825849,14.16895,357.4648,
0,1643461292886,RightFoot_Target,1.576562,0.04731876,0.1768216,3.854724,14.12432,357.5262,
0,1643461293002,RightFoot_Target,1.575984,0.04775457,0.1769476,3.977044,14.10138,357.58,
0,1643461293107,RightFoot_Target,1.576468,0.04678504,0.1766899,3.964176,14.06786,357.578,
0,1643461293237,RightFoot_Target,1.576297,0.04698845,0.1770427,4.004446,13.99094,357.5789,
0,1643461293339,RightFoot_Target,1.576348,0.04712341,0.1772408,4.04021,14.01108,357.4736,
0,1643461293479,RightFoot_Target,1.576325,0.04684776,0.1769586,4.026662,13.99757,357.5387,
0,1643461293604,RightFoot_Target,1.576264,0.04701927,0.1772921,4.048589,13.9734,357.6117,
0,1643461293710,RightFoot_Target,1.576525,0.04710905,0.1772686,4.011898,13.94228,357.704,
0,1643461293837,RightFoot_Target,1.576187,0.04686322,0.1770427,4.126366,14.08244,357.8261,
0,1643461293971,RightFoot_Target,1.576092,0.04625514,0.1769813,3.737331,14.15812,357.7653,
0,1643461294072,RightFoot_Target,1.576349,0.04643898,0.1773292,3.736081,14.31516,358.0107,
0,1643461294202,RightFoot_Target,1.575908,0.04635296,0.1772358,3.77535,14.27369,357.898,
0,1643461294310,RightFoot_Target,1.575379,0.04569285,0.1770336,3.878484,14.31512,358.0907,
0,1643461294440,RightFoot_Target,1.575558,0.04548823,0.1770055,3.910375,14.25509,357.8082,
0,1643461294553,RightFoot_Target,1.576092,0.04689166,0.1770835,3.965646,14.31774,357.875,
0,1643461294659,RightFoot_Target,1.575989,0.04624172,0.1765525,3.982282,14.0407,357.9618,
0,1643461294779,RightFoot_Target,1.576061,0.04531837,0.1772478,4.265739,13.99692,358.7217,
0,1643461294892,RightFoot_Target,1.575572,0.04601146,0.1772366,4.088455,14.08948,358.8146,
0,1643461295027,RightFoot_Target,1.575699,0.04652079,0.1773505,3.933283,14.0141,357.6506,
0,1643461295153,RightFoot_Target,1.575915,0.04694027,0.177412,3.916646,14.00245,357.5048,
0,1643461295268,RightFoot_Target,1.57647,0.04669661,0.1773964,3.976249,14.02281,357.2943,
0,1643461295393,RightFoot_Target,1.57567,0.04702646,0.1770208,4.048568,14.10714,357.12,
0,1643461295506,RightFoot_Target,1.575474,0.04699834,0.1768694,4.055498,14.0971,357.0178,
0,1643461295641,RightFoot_Target,1.57578,0.04700025,0.1770882,4.110017,14.06694,356.9848,
0,1643461295772,RightFoot_Target,1.574755,0.04723251,0.1768848,4.135865,14.04319,356.9524,
0,1643461295874,RightFoot_Target,1.575072,0.04748091,0.1768173,4.139236,13.99612,356.8066,
0,1643461295976,RightFoot_Target,1.575199,0.04746918,0.1767859,4.23769,14.02736,356.7349,
0,1643461296083,RightFoot_Target,1.575338,0.04747636,0.1766805,4.239448,14.03071,356.6454,
0,1643461296206,RightFoot_Target,1.575391,0.0470144,0.1763446,4.081985,14.06096,356.5442,
0,1643461296307,RightFoot_Target,1.575423,0.0475717,0.1767984,4.077906,14.03884,356.4768,
0,1643461296437,RightFoot_Target,1.575793,0.04781817,0.177045,4.003796,13.97433,356.5195,
0,1643461296539,RightFoot_Target,1.575554,0.04809542,0.1765561,3.838101,14.01399,356.4372,
0,1643461296647,RightFoot_Target,1.575664,0.04801175,0.1769152,4.024664,14.09286,356.3797,
0,1643461296772,RightFoot_Target,1.576091,0.04806698,0.1765074,3.585366,13.91851,355.9826,
0,1643461296874,RightFoot_Target,1.575979,0.0480763,0.1767302,3.584949,13.9212,356.0593,
0,1643461296981,RightFoot_Target,1.576065,0.0478984,0.1765866,3.492677,14.0027,356.0342,
0,1643461297086,RightFoot_Target,1.575556,0.04801487,0.1764908,3.47704,14.09015,356.0834,
0,1643461297207,RightFoot_Target,1.57577,0.0471256,0.1765976,3.429465,14.18146,356.4631,
0,1643461297326,RightFoot_Target,1.574146,0.04693502,0.1764413,3.227191,14.2958,357.2086,
0,1643461297426,RightFoot_Target,1.57502,0.04659114,0.1767564,3.294523,14.39882,357.814,
0,1643461297545,RightFoot_Target,1.575052,0.04716379,0.1769082,3.488089,14.62336,358.6329,
0,1643461297675,RightFoot_Target,1.574869,0.04613077,0.1769824,3.782682,14.70792,359.0854,
0,1643461297804,RightFoot_Target,1.575144,0.0458972,0.1767349,3.700556,14.64723,358.9583,
0,1643461297906,RightFoot_Target,1.575229,0.04635659,0.1771469,3.763217,14.66695,358.9115,
0,1643461298009,RightFoot_Target,1.575824,0.04607181,0.1771925,3.805189,14.46186,358.5114,
0,1643461298116,RightFoot_Target,1.57577,0.04628941,0.1775855,3.761189,14.3679,357.9704,
0,1643461298243,RightFoot_Target,1.576898,0.04739149,0.1777536,3.732645,14.14697,357.3866,
0,1643461298344,RightFoot_Target,1.576701,0.04734754,0.1772492,4.084842,14.13982,356.9377,
0,1643461298473,RightFoot_Target,1.576977,0.04663622,0.1769573,3.941469,13.99489,356.4005,
0,1643461298605,RightFoot_Target,1.577434,0.04785599,0.1778758,4.028088,13.90688,356.3407,
0,1643461298738,RightFoot_Target,1.577482,0.04738676,0.1774469,3.88476,13.88959,356.2531,
0,1643461298872,RightFoot_Target,1.577336,0.04737903,0.1772392,3.796331,13.92142,356.2862,
0,1643461298989,RightFoot_Target,1.577115,0.047042,0.1773098,3.577976,13.91693,356.4349,
0,1643461299105,RightFoot_Target,1.577091,0.04647331,0.1772282,3.526879,13.96429,356.6728,
0,1643461299228,RightFoot_Target,1.577005,0.04642589,0.1771848,3.466021,14.05243,356.8803,
0,1643461299337,RightFoot_Target,1.576921,0.04624563,0.1771393,3.514885,14.12529,357.1063,
0,1643461299457,RightFoot_Target,1.577052,0.04632977,0.1772206,3.552093,14.17596,357.2491,
0,1643461299585,RightFoot_Target,1.576762,0.0465225,0.1774181,3.625034,14.1551,357.3207,
0,1643461299693,RightFoot_Target,1.57751,0.04634394,0.1772819,3.719457,14.12026,357.4069,
0,1643461299821,RightFoot_Target,1.57751,0.04656268,0.1770549,3.805301,14.19041,357.5056,
0,1643461299922,RightFoot_Target,1.577326,0.04609826,0.1771587,3.834559,14.18462,357.8218,
0,1643461300038,RightFoot_Target,1.577326,0.04595101,0.1773445,3.949433,14.22054,358.0002,
0,1643461300140,RightFoot_Target,1.577271,0.04676078,0.1776308,4.005869,14.29791,358.112,
0,1643461300270,RightFoot_Target,1.577259,0.04598591,0.1776399,3.890528,14.36279,358.0568,
0,1643461300371,RightFoot_Target,1.577105,0.04538475,0.1770937,3.9559,14.44219,358.1562,
0,1643461300471,RightFoot_Target,1.577486,0.04618609,0.1776716,3.98912,14.43441,358.0329,
0,1643461300575,RightFoot_Target,1.577059,0.04675147,0.1771926,3.608683,14.54955,357.4455,
0,1643461300682,RightFoot_Target,1.576947,0.04605326,0.1769539,3.248898,14.69024,357.1664,
0,1643461300805,RightFoot_Target,1.576711,0.04614091,0.1764938,2.258125,15.12741,357.2698,
0,1643461300941,RightFoot_Target,1.575893,0.04632084,0.1767577,2.693377,15.59453,2.261118,
0,1643461301074,RightFoot_Target,1.576338,0.05406856,0.1802006,3.799531,8.119936,6.08226,
0,1643461301188,RightFoot_Target,1.577956,0.05328621,0.2284718,354.3044,13.34909,0.5039968,
0,1643461301308,RightFoot_Target,1.577784,0.05003956,0.1865179,4.071737,5.532293,0.6321549,
0,1643461301449,RightFoot_Target,1.583789,0.05228638,0.1551392,3.019208,12.76865,358.6592,
0,1643461301589,RightFoot_Target,1.583467,0.04701225,0.1668583,2.50449,12.10966,356.8385,
0,1643461301708,RightFoot_Target,1.58291,0.04705421,0.1670176,2.944024,12.1164,356.4171,
0,1643461301810,RightFoot_Target,1.583035,0.04639883,0.1666309,2.741037,11.9894,356.3823,
0,1643461301939,RightFoot_Target,1.583422,0.04756032,0.1673968,3.144002,11.73647,356.3061,
0,1643461302072,RightFoot_Target,1.583257,0.04741482,0.1672498,3.502572,11.48889,356.2415,
0,1643461302172,RightFoot_Target,1.583455,0.04732842,0.1672467,3.79178,11.48928,356.421,
0,1643461302272,RightFoot_Target,1.58349,0.0471712,0.1676122,3.959517,11.25285,356.6317,
0,1643461302404,RightFoot_Target,1.58474,0.0468563,0.1691088,5.296021,10.47819,357.1961,
0,1643461302509,RightFoot_Target,1.584689,0.04713549,0.1698949,6.286969,10.04601,357.4318,
0,1643461302641,RightFoot_Target,1.584715,0.04766954,0.1711315,7.393398,9.70266,357.5068,
0,1643461302747,RightFoot_Target,1.585255,0.04827971,0.17224,7.967027,9.806481,357.2823,
0,1643461302879,RightFoot_Target,1.585385,0.04898624,0.1724764,8.398489,9.859554,356.8273,
0,1643461303003,RightFoot_Target,1.585385,0.04871882,0.1725988,8.890809,9.76322,357.4469,
0,1643461303110,RightFoot_Target,1.585667,0.04825322,0.1728692,8.784192,9.714048,357.9672,
0,1643461303240,RightFoot_Target,1.583994,0.04754886,0.1721165,8.342778,9.692132,358.9635,
0,1643461303380,RightFoot_Target,1.582803,0.04677565,0.1720732,7.962276,9.952724,359.5788,
0,1643461303504,RightFoot_Target,1.583718,0.04766785,0.1724434,8.246896,9.871564,359.5531,
0,1643461303607,RightFoot_Target,1.583734,0.04763177,0.1723212,8.10046,9.835245,359.1492,
0,1643461303732,RightFoot_Target,1.583734,0.04788297,0.1726132,8.09418,9.742689,358.6203,
0,1643461303834,RightFoot_Target,1.583659,0.0477664,0.172423,8.086548,9.684683,358.7168,
0,1643461303956,RightFoot_Target,1.58342,0.04857263,0.172556,8.352425,9.598722,358.839,
0,1643461304077,RightFoot_Target,1.583157,0.04878062,0.172389,8.0584,9.577337,358.6662,
0,1643461304178,RightFoot_Target,1.582765,0.04823644,0.1714575,7.818206,9.587425,358.6941,
0,1643461304283,RightFoot_Target,1.582719,0.04871064,0.1715491,7.490152,9.66029,358.6183,
0,1643461304384,RightFoot_Target,1.582814,0.04988669,0.1723026,7.316804,9.71652,358.5882,
0,1643461304499,RightFoot_Target,1.582267,0.04855771,0.1710178,7.204391,9.815511,358.8141,
0,1643461304628,RightFoot_Target,1.581976,0.04889189,0.171325,6.87305,9.944198,358.9231,
0,1643461304759,RightFoot_Target,1.581933,0.04859421,0.1706145,6.617248,10.01696,358.9715,
0,1643461304894,RightFoot_Target,1.58195,0.04843959,0.1704046,6.379385,10.13995,359.2045,
0,1643461305041,RightFoot_Target,1.581866,0.04848359,0.1702442,5.991349,10.30843,359.3891,
0,1643461305158,RightFoot_Target,1.581459,0.04802608,0.1697302,5.616659,10.40846,359.5471,
0,1643461305262,RightFoot_Target,1.581957,0.04793972,0.1692863,5.26026,10.59221,359.4988,
0,1643461305393,RightFoot_Target,1.582042,0.04847316,0.1688657,4.859574,10.76409,359.192,
0,1643461305525,RightFoot_Target,1.581453,0.04910257,0.1692484,4.803848,10.79548,359.0924,
0,1643461305626,RightFoot_Target,1.581523,0.04971623,0.1694982,4.677137,10.92573,358.8529,
0,1643461305726,RightFoot_Target,1.581765,0.04953154,0.1690032,4.522907,10.97344,358.6595,
0,1643461305849,RightFoot_Target,1.581613,0.0488578,0.1686661,4.48064,10.98042,358.4409,
0,1643461305969,RightFoot_Target,1.581835,0.0495927,0.1686375,4.318173,11.0012,358.2444,
0,1643461306078,RightFoot_Target,1.581764,0.04953338,0.1685681,4.215134,11.03428,358.1477,
0,1643461306200,RightFoot_Target,1.581735,0.04905781,0.1683166,4.174651,11.03629,358.0715,
0,1643461306322,RightFoot_Target,1.581902,0.04877946,0.1684256,4.034644,11.04364,358.0412,
0,1643461306437,RightFoot_Target,1.582113,0.04935049,0.1682521,3.924234,11.10455,357.9541,
0,1643461306542,RightFoot_Target,1.582035,0.04973418,0.1681251,3.711354,11.14015,357.7339,
0,1643461306650,RightFoot_Target,1.582266,0.05042902,0.1681799,3.654625,11.14233,357.5335,
0,1643461306759,RightFoot_Target,1.582295,0.05062431,0.1681635,3.531614,11.13452,357.3598,
0,1643461306865,RightFoot_Target,1.58244,0.05118211,0.1683879,3.481272,11.15582,357.322,
0,1643461306969,RightFoot_Target,1.582176,0.05021527,0.1679774,3.41344,11.1153,357.2764,
0,1643461307096,RightFoot_Target,1.582293,0.05014885,0.1679715,3.324057,11.08444,356.9646,
0,1643461307209,RightFoot_Target,1.582189,0.04999068,0.167675,3.27532,11.0487,356.7799,
0,1643461307327,RightFoot_Target,1.582304,0.0500932,0.167587,3.128249,11.0338,356.5758,
0,1643461307432,RightFoot_Target,1.58212,0.05035894,0.1677117,3.194622,11.03109,356.545,
0,1643461307561,RightFoot_Target,1.582259,0.04918661,0.1677087,3.178423,11.07018,356.6055,
0,1643461307673,RightFoot_Target,1.581866,0.04831872,0.1673413,3.177629,11.04557,356.7114,
0,1643461307794,RightFoot_Target,1.581861,0.04873449,0.1675638,3.169874,11.10419,356.6631,
0,1643461307928,RightFoot_Target,1.581604,0.04878618,0.1675334,3.101345,11.11345,356.6201,
0,1643461308060,RightFoot_Target,1.581705,0.04849218,0.1676502,2.973643,11.16135,356.6229,
0,1643461308194,RightFoot_Target,1.581369,0.04849124,0.1673093,2.920222,11.20645,356.5698,
0,1643461308334,RightFoot_Target,1.581595,0.04952409,0.1676849,2.841432,11.23977,356.3675,
0,1643461308459,RightFoot_Target,1.581309,0.0480441,0.1667655,2.608203,11.30575,356.2611,
0,1643461308568,RightFoot_Target,1.581071,0.04804202,0.1671737,2.492611,11.3509,356.1764,
0,1643461308694,RightFoot_Target,1.580944,0.04804521,0.1669013,2.416662,11.3756,356.1315,
0,1643461308826,RightFoot_Target,1.58078,0.04831114,0.166624,2.324013,11.58017,356.1552,
0,1643461308976,RightFoot_Target,1.580066,0.04786697,0.1665004,2.273603,11.78664,356.3991,
0,1643461309106,RightFoot_Target,1.580575,0.04738498,0.1662163,2.182826,11.75849,356.3694,
0,1643461309202,RightFoot_Target,1.580144,0.04791665,0.1665133,1.985265,11.77495,356.4034,
0,1643461309339,RightFoot_Target,1.579505,0.04725211,0.1661402,2.108866,11.81264,357.1823,
0,1643461309460,RightFoot_Target,1.579043,0.04670757,0.1669913,1.296931,11.9445,357.7103,
0,1643461309577,RightFoot_Target,1.579172,0.0475647,0.1659573,1.374153,11.8857,356.6189,
0,1643461309693,RightFoot_Target,1.580085,0.0474969,0.1663706,1.434774,11.77199,356.4769,
0,1643461309793,RightFoot_Target,1.580786,0.0484258,0.1660067,1.393318,11.58935,355.8609,
0,1643461309928,RightFoot_Target,1.580775,0.04933655,0.166725,1.537482,11.52378,355.8703,
0,1643461310058,RightFoot_Target,1.580328,0.04884497,0.1664145,1.513036,11.51366,355.6876,
0,1643461310160,RightFoot_Target,1.580166,0.04931013,0.1665851,1.45397,11.54954,355.7373,
0,1643461310275,RightFoot_Target,1.58004,0.04885338,0.1664205,1.322024,11.62823,355.9165,
0,1643461310385,RightFoot_Target,1.580065,0.04853557,0.1661713,1.336641,11.64829,356.0363,
0,1643461310505,RightFoot_Target,1.580389,0.04818755,0.1661236,1.467911,11.56702,355.9411,
0,1643461310609,RightFoot_Target,1.58018,0.04857749,0.1664919,1.617255,11.52689,356.0257,
0,1643461310718,RightFoot_Target,1.580002,0.04847914,0.1660789,1.759633,11.47472,355.8701,
0,1643461310836,RightFoot_Target,1.579944,0.048717,0.1662714,1.965838,11.41656,355.7214,
0,1643461310939,RightFoot_Target,1.580184,0.04935091,0.1661824,2.091014,11.35327,355.5468,
0,1643461311075,RightFoot_Target,1.580417,0.04916744,0.1664257,2.123101,11.30857,355.5267,
0,1643461311205,RightFoot_Target,1.58065,0.04899634,0.1664263,2.013762,11.31255,355.7138,
0,1643461311309,RightFoot_Target,1.580534,0.04865677,0.1666873,1.822556,11.40229,356.0533,
0,1643461311420,RightFoot_Target,1.580242,0.04786471,0.1663967,1.993542,11.45149,356.5614,
0,1643461311529,RightFoot_Target,1.580232,0.04828113,0.1666151,2.148586,11.45738,357.0537,
0,1643461311642,RightFoot_Target,1.580147,0.04800449,0.166465,2.322127,11.52088,356.9707,
0,1643461311769,RightFoot_Target,1.579941,0.04890513,0.1666165,2.431734,11.56412,357.0531,
0,1643461311872,RightFoot_Target,1.579885,0.04838052,0.1662754,2.676622,11.62449,357.108,
0,1643461311972,RightFoot_Target,1.579846,0.04848662,0.1667406,2.690479,11.67744,357.036,
0,1643461312104,RightFoot_Target,1.580062,0.0487296,0.1667393,2.738919,11.67501,357.076,
0,1643461312205,RightFoot_Target,1.579767,0.04900587,0.1667674,2.774542,11.6827,357.0221,
0,1643461312337,RightFoot_Target,1.580147,0.04892264,0.166763,2.87874,11.70856,356.8561,
0,1643461312457,RightFoot_Target,1.580172,0.04871557,0.166745,2.919953,11.73456,356.8251,
0,1643461312588,RightFoot_Target,1.580267,0.04894742,0.1667616,3.102925,11.75183,356.9082,
0,1643461312693,RightFoot_Target,1.579622,0.04850476,0.1666057,3.151338,11.75226,356.7083,
0,1643461312804,RightFoot_Target,1.580155,0.04900734,0.1667914,3.17812,11.75056,356.5139,
0,1643461312907,RightFoot_Target,1.580277,0.04891609,0.1669311,3.178455,11.74468,356.3902,
0,1643461313025,RightFoot_Target,1.580379,0.04896692,0.1666191,3.032598,11.74225,356.1402,
0,1643461313126,RightFoot_Target,1.580303,0.04924194,0.1667461,3.031678,11.72736,355.9998,
0,1643461313227,RightFoot_Target,1.580845,0.04957351,0.1668627,3.150064,11.61201,355.8834,
0,1643461313362,RightFoot_Target,1.580936,0.04948624,0.1667727,3.217211,11.40866,355.7925,
0,1643461313465,RightFoot_Target,1.580793,0.04930482,0.1667676,3.220745,11.3385,355.8014,
0,1643461313599,RightFoot_Target,1.581003,0.0494827,0.1669159,3.205512,11.26885,355.872,
0,1643461313701,RightFoot_Target,1.580854,0.04934168,0.1670349,3.176031,11.27402,356.016,
0,1643461313828,RightFoot_Target,1.58056,0.0483971,0.1667047,3.209676,11.33478,356.3935,
0,1643461313933,RightFoot_Target,1.580622,0.04823607,0.1668532,3.332473,11.39822,356.6593,
0,1643461314061,RightFoot_Target,1.580408,0.04870881,0.1667282,3.467179,11.45458,356.8008,
0,1643461314192,RightFoot_Target,1.580457,0.04851383,0.1667327,3.520649,11.52756,356.7864,
0,1643461314324,RightFoot_Target,1.580744,0.04881036,0.1671063,3.607193,11.49689,356.7427,
0,1643461314424,RightFoot_Target,1.581067,0.0484402,0.1672579,3.652559,11.49652,356.6609,
0,1643461314524,RightFoot_Target,1.580732,0.04843907,0.1668161,3.681264,11.51397,356.6579,
0,1643461314632,RightFoot_Target,1.581079,0.04839671,0.1670984,3.682272,11.51795,356.6269,
0,1643461314760,RightFoot_Target,1.58092,0.04858685,0.1671175,3.663377,11.51706,356.5484,
0,1643461314880,RightFoot_Target,1.580785,0.0488502,0.1671156,3.640465,11.52873,356.4631,
0,1643461314993,RightFoot_Target,1.580578,0.04876863,0.167047,3.616322,11.55258,356.3637,
0,1643461315112,RightFoot_Target,1.580468,0.04881844,0.1668116,3.694301,11.58129,356.3678,
0,1643461315215,RightFoot_Target,1.580634,0.0487037,0.1669076,3.704665,11.58475,356.3505,
0,1643461315348,RightFoot_Target,1.580459,0.04864895,0.1669051,3.706165,11.55693,356.26,
0,1643461315448,RightFoot_Target,1.580295,0.04840917,0.1666943,3.692847,11.5646,356.2297,
0,1643461315550,RightFoot_Target,1.580409,0.04883087,0.1670819,3.798456,11.59535,356.1896,
0,1643461315667,RightFoot_Target,1.580607,0.04911619,0.1674228,3.914467,11.62654,356.1322,
0,1643461315785,RightFoot_Target,1.580832,0.0492505,0.1671677,3.861787,11.65723,356.6725,
0,1643461315891,RightFoot_Target,1.579712,0.05006769,0.1663091,3.310369,11.82542,356.8625,
0,1643461316014,RightFoot_Target,1.580048,0.05019833,0.1665179,2.463027,11.94425,356.0928,
0,1643461316128,RightFoot_Target,1.580385,0.04994057,0.1660751,2.348585,11.80902,355.7929,
0,1643461316237,RightFoot_Target,1.580734,0.04915451,0.1676947,2.662977,11.3618,354.8689,
0,1643461316338,RightFoot_Target,1.581232,0.04867687,0.1679104,3.386369,10.98418,354.3148,
0,1643461316456,RightFoot_Target,1.580781,0.04805867,0.167652,3.371915,10.93241,354.5698,
0,1643461316568,RightFoot_Target,1.580694,0.04805752,0.1674955,3.162269,11.00357,354.6808,
0,1643461316671,RightFoot_Target,1.5807,0.04844923,0.1673121,3.001899,11.05782,355.1247,
0,1643461316772,RightFoot_Target,1.580783,0.04914594,0.1674228,2.919484,11.30935,355.4305,
0,1643461316908,RightFoot_Target,1.580201,0.04929306,0.166428,2.842851,11.38645,355.8046,
0,1643461317039,RightFoot_Target,1.579792,0.04920358,0.1673026,2.767954,11.58071,356.1895,
0,1643461317145,RightFoot_Target,1.578739,0.04863232,0.1666105,2.561699,12.0203,357.2702,
0,1643461317250,RightFoot_Target,1.577298,0.0477952,0.1673913,2.10592,12.87151,0.5312217,
0,1643461317392,RightFoot_Target,1.566952,0.07979171,0.1650854,359.2151,12.63851,30.26512,
0,1643461317502,RightFoot_Target,1.563737,0.1958217,0.1670843,351.2154,11.94325,31.23965,
0,1643461317607,RightFoot_Target,1.495187,0.2589131,0.1490691,352.5234,5.789394,22.87409,
0,1643461317708,RightFoot_Target,1.355169,0.2416126,0.1280034,357.2662,6.667559,7.403328,
0,1643461317810,RightFoot_Target,1.191699,0.2077687,0.1118324,2.556228,7.090454,352.2364,
0,1643461317941,RightFoot_Target,1.069422,0.1781302,0.08953586,7.002177,357.293,347.6131,
0,1643461318048,RightFoot_Target,1.088418,0.1429499,0.08991292,5.259552,358.574,349.9548,
0,1643461318151,RightFoot_Target,1.080584,0.1303625,0.09209746,357.345,358.7374,359.2198,
0,1643461318296,RightFoot_Target,1.079615,0.1352882,0.09377624,359.9182,359.7302,358.4796,
0,1643461318411,RightFoot_Target,1.079913,0.1360043,0.0931166,359.9562,359.7943,358.6904,
0,1643461318538,RightFoot_Target,1.086587,0.1375463,0.08852965,359.6402,358.8272,358.8535,
0,1643461318639,RightFoot_Target,1.148002,0.135598,0.09434145,0.1896345,2.670534,1.179443,
0,1643461318738,RightFoot_Target,1.166623,0.1352318,0.09700198,358.6369,4.403437,357.157,
0,1643461318870,RightFoot_Target,1.16044,0.1344389,0.09605786,358.2913,2.790569,359.325,
0,1643461318971,RightFoot_Target,1.160081,0.1371404,0.09343477,0.615028,1.336292,356.4756,
0,1643461319103,RightFoot_Target,1.159544,0.1393005,0.09408586,2.322963,0.7781408,354.6117,
0,1643461319209,RightFoot_Target,1.15999,0.1418572,0.09394523,2.843289,0.9172761,353.713,
0,1643461319314,RightFoot_Target,1.160708,0.1459599,0.09323027,2.692801,1.057718,352.7591,
0,1643461319437,RightFoot_Target,1.159669,0.1407897,0.0936923,1.881894,1.355653,354.3482,
0,1643461319573,RightFoot_Target,1.158603,0.1330817,0.09291479,1.457052,0.04142572,358.1344,
0,1643461319703,RightFoot_Target,1.158197,0.1315456,0.0931977,359.1244,359.8631,357.688,
0,1643461319807,RightFoot_Target,1.15804,0.1313344,0.09339543,358.2892,359.5327,357.4994,
0,1643461319936,RightFoot_Target,1.157275,0.1293935,0.0931709,358.2368,359.7628,358.0744,
0,1643461320042,RightFoot_Target,1.157176,0.1289195,0.09271854,357.9355,0.1516044,358.5877,
0,1643461320150,RightFoot_Target,1.156828,0.1288259,0.09216605,357.1069,0.2680098,358.8965,
0,1643461320305,RightFoot_Target,1.156647,0.1292694,0.0928068,357.8432,0.3406579,359.0634,
0,1643461320417,RightFoot_Target,1.156965,0.1293677,0.09370533,357.8978,359.7604,358.9739,
0,1643461320522,RightFoot_Target,1.156236,0.129292,0.09320763,358.0249,0.194324,358.257,
0,1643461320648,RightFoot_Target,1.153948,0.1264862,0.09216987,356.8089,0.8610397,357.2378,
0,1643461320762,RightFoot_Target,1.156565,0.1261231,0.09289201,357.5527,0.2365671,358.9827,
0,1643461320877,RightFoot_Target,1.158026,0.1262622,0.09268804,357.731,0.5252099,0.9665246,
0,1643461321004,RightFoot_Target,1.158929,0.1297198,0.09644705,5.414233,357.083,8.476891,
0,1643461321107,RightFoot_Target,1.15576,0.132576,0.09782127,11.98917,359.1517,13.42699,
0,1643461321239,RightFoot_Target,1.150107,0.1293551,0.09394342,8.715628,1.985392,23.90528,
0,1643461321339,RightFoot_Target,1.142158,0.1438988,0.1039841,21.29603,4.141049,41.60506,
0,1643461321472,RightFoot_Target,1.072852,0.1891272,0.1391184,27.37351,21.94338,73.23325,
0,1643461321604,RightFoot_Target,0.8405922,0.1468797,0.2689172,353.5204,15.22354,36.1362,
0,1643461321704,RightFoot_Target,0.6126344,0.129524,0.2359268,2.104367,3.940047,10.7208,
0,1643461321837,RightFoot_Target,0.3790743,0.1584501,0.1367018,8.09256,2.772203,352.7021,
0,1643461321977,RightFoot_Target,0.3137136,0.1446521,0.1040587,10.72234,13.0255,358.6657,
0,1643461322103,RightFoot_Target,0.3331359,0.1277772,0.09632211,359.7336,5.158261,359.7044,
0,1643461322216,RightFoot_Target,0.3291633,0.1293676,0.1011271,1.378503,4.259742,0.3441823,
0,1643461322323,RightFoot_Target,0.3299521,0.1292759,0.1019662,1.081704,3.814895,0.67059,
0,1643461322438,RightFoot_Target,0.3299376,0.1281717,0.1006822,359.8599,4.658238,359.8364,
0,1643461322545,RightFoot_Target,0.3302702,0.1299933,0.09980778,359.2929,4.638055,359.715,
0,1643461322656,RightFoot_Target,0.3290985,0.1286487,0.099602,358.8576,5.773042,357.5212,
0,1643461322778,RightFoot_Target,0.3290411,0.1307679,0.1013469,359.1252,6.033793,356.4081,
0,1643461322900,RightFoot_Target,0.3293843,0.1288735,0.1015299,359.016,5.917714,357.0887,
0,1643461323018,RightFoot_Target,0.3301934,0.1291928,0.1033195,357.9897,4.836575,357.7489,
0,1643461323147,RightFoot_Target,0.3300092,0.1301198,0.1027394,2.377921,4.726349,4.601382,
0,1643461323250,RightFoot_Target,0.3252229,0.1305714,0.1042001,8.488706,7.589648,17.33517,
0,1643461323383,RightFoot_Target,0.2884739,0.1725105,0.1201202,19.28729,26.08978,46.38884,
0,1643461323486,RightFoot_Target,0.1521548,0.1878056,0.1988531,355.3064,21.47885,32.92424,
0,1643461323587,RightFoot_Target,-0.06070585,0.1565253,0.2496355,351.3986,14.44636,20.03492,
0,1643461323717,RightFoot_Target,-0.3536498,0.145945,0.1866833,358.8444,358.0362,359.6961,
0,1643461323817,RightFoot_Target,-0.475743,0.1583073,0.1370129,8.136261,1.079972,358.5701,
0,1643461323943,RightFoot_Target,-0.5323825,0.1682036,0.114144,9.373844,3.725935,356.6391,
0,1643461324047,RightFoot_Target,-0.5377972,0.1373347,0.1016745,13.35885,7.509246,1.913075,
0,1643461324160,RightFoot_Target,-0.5329374,0.142476,0.1046376,359.3127,3.40937,357.4502,
0,1643461324270,RightFoot_Target,-0.5315669,0.1408328,0.1023499,1.305536,3.102138,358.7322,
0,1643461324386,RightFoot_Target,-0.5317765,0.1393328,0.1036254,1.213495,2.945093,358.5545,
0,1643461324523,RightFoot_Target,-0.532793,0.1399846,0.1036199,359.5181,3.555841,357.1477,
0,1643461324649,RightFoot_Target,-0.5334176,0.1401356,0.103235,359.0132,3.750606,357.3352,
0,1643461324757,RightFoot_Target,-0.5327206,0.1390912,0.1037582,0.1609303,3.259567,357.9996,
0,1643461324883,RightFoot_Target,-0.5333728,0.1395147,0.10461,0.7176086,3.617902,357.0919,
0,1643461324984,RightFoot_Target,-0.5338913,0.1379488,0.1044793,1.179124,3.786303,356.7794,
0,1643461325115,RightFoot_Target,-0.5353471,0.1381078,0.1038911,0.2790738,5.113046,3.602095,
0,1643461325227,RightFoot_Target,-0.540774,0.1386431,0.1070696,4.002473,6.804738,21.42541,
0,1643461325328,RightFoot_Target,-0.5685228,0.1772508,0.1188037,17.7474,14.66199,53.49196,
0,1643461325450,RightFoot_Target,-0.7775601,0.2067193,0.2380783,343.7957,21.13259,38.78099,
0,1643461325582,RightFoot_Target,-1.109937,0.1594895,0.1919027,357.4266,359.4202,15.27562,
0,1643461325684,RightFoot_Target,-1.338816,0.1674576,0.109408,3.75215,355.4117,356.4095,
0,1643461325798,RightFoot_Target,-1.468354,0.1824408,0.09274232,6.569078,10.50895,354.6001,
0,1643461325917,RightFoot_Target,-1.422889,0.1303506,0.06791335,7.465889,7.83336,12.99072,
0,1643461326020,RightFoot_Target,-1.435218,0.1366871,0.07856126,358.5649,3.866776,356.7911,
0,1643461326147,RightFoot_Target,-1.435053,0.1407105,0.08313702,0.9305412,1.06534,0.8391244,
0,1643461326248,RightFoot_Target,-1.438208,0.1431827,0.08520739,2.568159,1.145468,0.5470608,
0,1643461326349,RightFoot_Target,-1.438161,0.1411266,0.08359136,2.082206,1.390957,0.293848,
0,1643461326482,RightFoot_Target,-1.438063,0.1419412,0.08047713,358.9898,2.097806,359.5291,
0,1643461326614,RightFoot_Target,-1.439862,0.1415114,0.07902901,358.8556,3.37228,358.6765,
0,1643461326716,RightFoot_Target,-1.439322,0.1401992,0.079744,357.8416,3.537721,358.279,
0,1643461326839,RightFoot_Target,-1.440294,0.13939,0.08260062,1.510292,3.88186,358.639,
0,1643461326948,RightFoot_Target,-1.442056,0.1417053,0.08336686,3.801767,3.020669,9.732906,
0,1643461327050,RightFoot_Target,-1.450824,0.1515439,0.08658215,16.56514,9.094859,32.75037,
0,1643461327170,RightFoot_Target,-1.504762,0.2043242,0.1085705,18.03495,19.36332,61.26944,
0,1643461327281,RightFoot_Target,-1.703599,0.2069872,0.1958668,351.4884,13.99472,34.80774,
0,1643461327384,RightFoot_Target,-1.96726,0.1784706,0.1961656,351.8866,5.4854,16.23983,
0,1643461327503,RightFoot_Target,-2.212611,0.1703921,0.1088891,359.7987,356.0497,358.5939,
0,1643461327608,RightFoot_Target,-2.358844,0.2027276,0.06631668,4.890229,3.503046,349.8032,
0,1643461327737,RightFoot_Target,-2.365983,0.1448931,0.06839941,4.389161,12.8693,3.392289,
0,1643461327843,RightFoot_Target,-2.368078,0.1551259,0.05721548,353.6054,6.617645,0.1552913,
0,1643461327972,RightFoot_Target,-2.369721,0.1575393,0.05643037,355.3547,7.550861,357.3176,
0,1643461328073,RightFoot_Target,-2.37019,0.1563908,0.06089094,357.5648,7.269982,357.8013,
0,1643461328204,RightFoot_Target,-2.369205,0.1570442,0.06335557,358.23,4.525095,0.646897,
0,1643461328311,RightFoot_Target,-2.370814,0.1570586,0.06104491,356.6198,5.69951,359.8774,
0,1643461328418,RightFoot_Target,-2.372586,0.1577418,0.06001477,356.2167,7.620048,358.6259,
0,1643461328522,RightFoot_Target,-2.372871,0.1579442,0.06077718,357.175,7.465155,357.932,
0,1643461328627,RightFoot_Target,-2.372836,0.1562789,0.06083562,356.9268,7.811148,358.4934,
0,1643461328738,RightFoot_Target,-2.37595,0.1549809,0.05955862,359.3997,10.09869,4.985667,
0,1643461328846,RightFoot_Target,-2.382784,0.1542926,0.06125393,3.017986,11.59519,25.89243,
0,1643461328959,RightFoot_Target,-2.418817,0.2020775,0.07179546,10.68848,18.78126,61.70465,
0,1643461329067,RightFoot_Target,-2.606435,0.2256935,0.1681972,347.3063,22.37508,45.66922,
0,1643461329181,RightFoot_Target,-2.859628,0.1798725,0.2164828,348.525,14.16391,24.07186,
0,1643461329281,RightFoot_Target,-3.118926,0.1761183,0.1507314,359.0314,1.254423,3.806005,
0,1643461329414,RightFoot_Target,-3.342891,0.2208704,0.06754047,9.686975,8.937986,347.4168,
0,1643461329547,RightFoot_Target,-3.374974,0.1743841,0.05541067,4.343436,11.50544,0.9545355,
0,1643461329680,RightFoot_Target,-3.365318,0.1672092,0.04712132,358.8143,8.125584,357.0677,
0,1643461329786,RightFoot_Target,-3.362736,0.1685394,0.05102633,359.7109,6.233531,0.3607056,
0,1643461329915,RightFoot_Target,-3.363269,0.1662596,0.04868374,359.211,6.475104,0.02877193,
0,1643461330049,RightFoot_Target,-3.363249,0.1681906,0.0493885,359.767,6.148522,0.322989,
0,1643461330182,RightFoot_Target,-3.362159,0.1679316,0.05098991,1.230064,6.056352,0.9874434,
0,1643461330298,RightFoot_Target,-3.362715,0.1653651,0.049973,359.7043,7.001583,359.0454,
0,1643461330416,RightFoot_Target,-3.361049,0.1639969,0.04953477,1.423409,6.646074,0.1049043,
0,1643461330520,RightFoot_Target,-3.364733,0.1618757,0.04754939,1.332649,8.006061,12.12142,
0,1643461330645,RightFoot_Target,-3.378522,0.1860435,0.05446791,11.23031,13.15847,45.79874,
0,1643461330762,RightFoot_Target,-3.564699,0.2586482,0.1472091,350.064,20.23354,42.47033,
0,1643461330864,RightFoot_Target,-3.81787,0.2313725,0.1708267,350.4247,9.059045,25.93227,
0,1643461330983,RightFoot_Target,-4.089239,0.2184575,0.1007772,358.6808,356.9223,3.731717,
0,1643461331091,RightFoot_Target,-4.270929,0.2312014,0.02062118,359.9001,355.6907,351.5641,
0,1643461331214,RightFoot_Target,-4.327484,0.2107174,0.002225015,1.462559,2.012474,353.1885,
0,1643461331338,RightFoot_Target,-4.312468,0.1869972,0.001161497,353.4438,0.1863552,355.3633,
0,1643461331448,RightFoot_Target,-4.310242,0.1903687,0.001014434,357.744,359.2144,358.3399,
0,1643461331550,RightFoot_Target,-4.311437,0.1881669,-0.003164198,352.2925,0.2342605,357.6167,
0,1643461331681,RightFoot_Target,-4.310205,0.1867482,-0.003776774,351.1315,359.5562,358.2205,
0,1643461331784,RightFoot_Target,-4.310798,0.1882723,-0.00311324,352.1008,0.02435849,357.5391,
0,1643461331915,RightFoot_Target,-4.310624,0.1860904,-0.003200959,350.5919,0.1973086,356.9052,
0,1643461332015,RightFoot_Target,-4.310261,0.1834367,-0.004404571,350.7478,0.5548776,356.9378,
0,1643461332115,RightFoot_Target,-4.31089,0.1856295,-0.001646493,351.4675,1.345099,357.4438,
0,1643461332215,RightFoot_Target,-4.310511,0.1860104,0.0004297867,354.6469,0.9956483,358.7494,
0,1643461332317,RightFoot_Target,-4.31229,0.1847024,0.00120388,355.0093,2.030864,3.113837,
0,1643461332449,RightFoot_Target,-4.333239,0.2162511,0.001708193,3.930277,8.269094,42.60352,
0,1643461332554,RightFoot_Target,-4.438819,0.3243231,0.0166596,352.7126,358.7795,43.36778,
0,1643461332680,RightFoot_Target,-4.595972,0.3491745,-0.002704669,1.571164,344.7993,39.40596,
0,1643461332786,RightFoot_Target,-4.756815,0.2430987,-0.02505016,358.6683,338.9672,22.79171,
0,1643461333152,RightFoot_Target,-4.861742,0.1375584,-0.1034865,2.662067,276.1081,353.3948,
0,1643461333260,RightFoot_Target,-4.861183,0.1342874,-0.1033653,0.9815755,276.4471,354.3851,
0,1643461333386,RightFoot_Target,-4.855433,0.1207968,-0.1119482,359.6057,276.5632,355.545,
0,1643461333492,RightFoot_Target,-4.855154,0.1214978,-0.1117566,359.4554,276.3294,355.2813,
0,1643461333609,RightFoot_Target,-4.852739,0.1214181,-0.1120398,358.0816,277.2292,357.1694,
0,1643461333719,RightFoot_Target,-4.841072,0.1291991,-0.1226968,350.1466,268.882,0.9844698,
0,1643461333828,RightFoot_Target,-4.738651,0.1337868,-0.1534805,1.872971,237.8659,357.9722,
0,1643461333931,RightFoot_Target,-4.614013,0.1429607,-0.1285428,9.873555,202.5857,351.5392,
0,1643461334034,RightFoot_Target,-4.609891,0.1207208,-0.1076228,353.9374,198.5004,358.816,
0,1643461334150,RightFoot_Target,-4.610862,0.1187227,-0.1106806,0.6170383,198.9691,358.6525,
0,1643461334258,RightFoot_Target,-4.611463,0.1147934,-0.1130372,359.2449,198.9636,358.2454,
0,1643461334394,RightFoot_Target,-4.610423,0.1137799,-0.1121171,359.7515,199.6784,359.6391,
0,1643461334516,RightFoot_Target,-4.610454,0.1136995,-0.1107044,358.6107,199.3319,359.0576,
0,1643461334618,RightFoot_Target,-4.610968,0.1145666,-0.1096493,358.3086,199.2893,357.8684,
0,1643461334721,RightFoot_Target,-4.611293,0.1156498,-0.1097407,358.5817,199.2616,356.417,
0,1643461334849,RightFoot_Target,-4.610987,0.1148787,-0.1092985,358.1925,199.3228,357.0181,
0,1643461334953,RightFoot_Target,-4.611387,0.1147621,-0.1096202,357.9772,199.26,357.6093,
0,1643461335081,RightFoot_Target,-4.610557,0.1149567,-0.1089814,357.3949,199.6316,358.0553,
0,1643461335182,RightFoot_Target,-4.607013,0.1140302,-0.1096558,355.2979,201.5585,10.62938,
0,1643461335314,RightFoot_Target,-4.545917,0.2218071,-0.1146354,343.4576,196.3563,18.92355,
0,1643461335416,RightFoot_Target,-4.439191,0.2897287,-0.09341308,343.1815,191.3545,6.725378,
0,1643461335552,RightFoot_Target,-4.266818,0.2576377,-0.02277786,356.0706,185.2226,0.3457299,
0,1643461335684,RightFoot_Target,-4.147527,0.2223905,0.02954182,3.749099,182.6952,354.8807,
0,1643461335785,RightFoot_Target,-4.151115,0.2029357,0.03869518,3.522862,183.0588,355.6229,
0,1643461335915,RightFoot_Target,-4.156373,0.189157,0.03542438,358.6969,182.2655,357.2321,
0,1643461336047,RightFoot_Target,-4.159643,0.1849625,0.03394477,359.6523,181.2195,359.3239,
0,1643461336147,RightFoot_Target,-4.157452,0.1865104,0.03362433,359.9576,180.8702,0.3103859,
0,1643461336280,RightFoot_Target,-4.157687,0.1879639,0.03737477,359.5817,179.7336,359.2002,
0,1643461336381,RightFoot_Target,-4.156059,0.1851857,0.03663396,358.4806,180.6319,359.9436,
0,1643461336513,RightFoot_Target,-4.155755,0.1856413,0.0372312,358.559,180.6558,0.9932106,
0,1643461336636,RightFoot_Target,-4.155971,0.1860589,0.03533908,359.7552,180.0133,359.4091,
0,1643461336754,RightFoot_Target,-4.157406,0.1875407,0.03563466,0.4966955,180.1006,359.6958,
0,1643461336857,RightFoot_Target,-4.157152,0.1865265,0.03595969,359.8409,179.9145,359.515,
0,1643461336981,RightFoot_Target,-4.156856,0.1860689,0.03616438,359.1163,180.2246,359.5652,
0,1643461337089,RightFoot_Target,-4.156904,0.1863709,0.03603002,359.5024,180.1035,359.3293,
0,1643461337192,RightFoot_Target,-4.157441,0.1859049,0.03657528,0.04739691,179.9292,0.003580468,
0,1643461337300,RightFoot_Target,-4.157857,0.1864002,0.03653381,0.4793047,179.4149,0.1678809,
0,1643461337425,RightFoot_Target,-4.156971,0.1856294,0.03611078,359.9528,179.5035,359.5371,
0,1643461337525,RightFoot_Target,-4.156201,0.1857323,0.03611285,359.3618,179.9033,358.2278,
0,1643461337658,RightFoot_Target,-4.154989,0.1871971,0.03648829,356.5514,180.0769,356.0994,
0,1643461337759,RightFoot_Target,-4.155969,0.1866907,0.03675423,357.3467,179.9225,356.8412,
0,1643461337864,RightFoot_Target,-4.155828,0.1839907,0.03405616,0.03714881,180.178,358.1141,
0,1643461337994,RightFoot_Target,-4.157558,0.1824187,0.0331807,359.1844,179.9321,358.3373,
0,1643461338100,RightFoot_Target,-4.156435,0.182442,0.03387326,359.562,180.4663,358.91,
0,1643461338225,RightFoot_Target,-4.154443,0.1817308,0.03222664,1.642735,180.4838,5.576282,
0,1643461338332,RightFoot_Target,-4.150495,0.1809015,0.03318556,4.689662,182.5078,16.73904,
0,1643461338458,RightFoot_Target,-4.114615,0.2191162,0.02366655,21.44472,205.4026,47.56733,
0,1643461338562,RightFoot_Target,-4.001243,0.2360218,-0.05976139,354.5949,203.6146,40.29535,
0,1643461338690,RightFoot_Target,-3.726747,0.1905164,-0.1102346,351.827,192.896,19.78331,
0,1643461338794,RightFoot_Target,-3.507079,0.1660684,-0.05695394,357.3799,174.522,8.158721,
0,1643461338925,RightFoot_Target,-3.29926,0.1946489,0.03229858,8.70357,180.1011,355.6022,
0,1643461339060,RightFoot_Target,-3.221854,0.1866742,0.03674055,7.934446,190.6685,358.5494,
0,1643461339172,RightFoot_Target,-3.238782,0.1708893,0.0393791,3.058777,184.2886,355.7383,
0,1643461339296,RightFoot_Target,-3.23754,0.1678098,0.04144973,1.795789,183.0283,359.4596,
0,1643461339427,RightFoot_Target,-3.237693,0.166562,0.0379452,2.02138,182.904,358.8392,
0,1643461339548,RightFoot_Target,-3.236982,0.1665009,0.03821309,2.132813,183.1485,359.2022,
0,1643461339668,RightFoot_Target,-3.237455,0.1660995,0.03843877,4.383091,183.506,359.8049,
0,1643461339786,RightFoot_Target,-3.237589,0.1662068,0.0361858,6.673636,184.073,358.9009,
0,1643461339915,RightFoot_Target,-3.239189,0.1652607,0.03562766,5.155071,183.4408,358.9042,
0,1643461340046,RightFoot_Target,-3.236028,0.1651534,0.0375552,2.80101,185.3526,0.4698499,
0,1643461340152,RightFoot_Target,-3.235914,0.1652228,0.03709045,6.689973,183.5016,11.35166,
0,1643461340250,RightFoot_Target,-3.224509,0.1761764,0.03404331,14.12291,191.2843,32.1476,
0,1643461340350,RightFoot_Target,-3.175627,0.2245247,0.01665328,14.87327,193.9424,57.70228,
0,1643461340482,RightFoot_Target,-2.92899,0.2140223,-0.08194981,346.6163,193.186,28.4415,
0,1643461340614,RightFoot_Target,-2.619837,0.1721122,-0.04267217,354.7862,181.5714,5.098654,
0,1643461340746,RightFoot_Target,-2.407023,0.1933086,0.04944246,5.328208,171.0634,352.9685,
0,1643461340846,RightFoot_Target,-2.343233,0.1928031,0.04102621,9.515334,190.0047,356.1141,
0,1643461340947,RightFoot_Target,-2.368019,0.1459811,0.04128474,5.805163,190.0212,5.373954,
0,1643461341055,RightFoot_Target,-2.365817,0.1568908,0.04227144,2.95252,190.0573,0.07610113,
0,1643461341160,RightFoot_Target,-2.364448,0.1562087,0.03700377,6.031361,189.5621,0.3160369,
0,1643461341276,RightFoot_Target,-2.363069,0.1548324,0.03485738,6.64329,188.9691,1.5538,
0,1643461341392,RightFoot_Target,-2.362929,0.1536344,0.03341534,7.590163,189.4172,1.503001,
0,1643461341509,RightFoot_Target,-2.362552,0.1538905,0.03365779,6.35813,190.0202,1.21283,
0,1643461341622,RightFoot_Target,-2.361923,0.1533245,0.03426463,6.08717,190.1386,0.5216736,
0,1643461341734,RightFoot_Target,-2.362092,0.1527558,0.03078537,11.14513,190.5438,1.097382,
0,1643461341858,RightFoot_Target,-2.361015,0.1538036,0.03045344,14.39539,190.3748,3.62999,
0,1643461341991,RightFoot_Target,-2.361383,0.1557377,0.03442891,11.96014,190.0687,3.431154,
0,1643461342102,RightFoot_Target,-2.361454,0.155824,0.03800119,7.826806,190.1682,2.847576,
0,1643461342225,RightFoot_Target,-2.361378,0.1527328,0.03721759,4.8813,189.8452,2.732317,
0,1643461342326,RightFoot_Target,-2.358036,0.1531567,0.03840016,3.693988,191.2552,10.34353,
0,1643461342426,RightFoot_Target,-2.349383,0.1638636,0.03503414,6.298232,190.9719,33.40217,
0,1643461342539,RightFoot_Target,-2.201455,0.2337179,0.003377158,5.10356,190.162,34.3297,
0,1643461342659,RightFoot_Target,-1.976756,0.2286257,-0.05301893,351.3206,197.8021,12.52909,
0,1643461342757,RightFoot_Target,-1.743373,0.1854912,-0.009641733,1.80244,186.265,5.504664,
0,1643461342889,RightFoot_Target,-1.50303,0.1670437,0.04431762,12.31151,191.8265,354.9293,
0,1643461342992,RightFoot_Target,-1.526255,0.1430529,0.0355927,5.913944,196.5083,356.1031,
0,1643461343123,RightFoot_Target,-1.528247,0.135395,0.03459034,8.586745,197.0759,2.785873,
0,1643461343227,RightFoot_Target,-1.528987,0.1345881,0.03469586,7.0986,197.4051,2.519536,
0,1643461343358,RightFoot_Target,-1.528993,0.133072,0.03410647,6.106979,197.6775,2.251128,
0,1643461343462,RightFoot_Target,-1.529152,0.1343693,0.03574455,2.984287,197.8594,1.301054,
0,1643461343591,RightFoot_Target,-1.529125,0.1310866,0.03391119,6.291378,197.8171,2.076209,
0,1643461343722,RightFoot_Target,-1.528704,0.1318824,0.03307289,8.697589,198.4387,2.850328,
0,1643461343825,RightFoot_Target,-1.529214,0.130831,0.03555187,6.58202,198.1722,3.124203,
0,1643461343925,RightFoot_Target,-1.526148,0.1341483,0.03634679,2.742506,198.8438,1.336188,
0,1643461344037,RightFoot_Target,-1.523788,0.1326691,0.03378426,4.839212,199.6935,11.75727,
0,1643461344151,RightFoot_Target,-1.506918,0.155088,0.02218459,7.293707,197.0827,46.72378,
0,1643461344276,RightFoot_Target,-1.282973,0.2003492,-0.06830263,344.6213,200.6139,35.47183,
0,1643461344395,RightFoot_Target,-0.9914444,0.1560914,-0.006255984,1.315767,180.3913,14.9435,
0,1643461344508,RightFoot_Target,-0.7447613,0.1667086,0.09000549,14.35028,176.1978,354.5793,
0,1643461344618,RightFoot_Target,-0.7315316,0.1437277,0.105967,5.149226,195.6997,19.7513,
0,1643461344734,RightFoot_Target,-0.7258961,0.1492604,0.08551472,0.9119428,180.66,359.3022,
0,1643461344859,RightFoot_Target,-0.7290008,0.155932,0.08095208,359.12,179.7374,358.7123,
0,1643461344963,RightFoot_Target,-0.7467577,0.1391937,0.09460512,358.1318,179.9479,358.3175,
0,1643461345073,RightFoot_Target,-0.7485585,0.1368244,0.09500982,358.8482,180.142,358.5146,
0,1643461345194,RightFoot_Target,-0.7456058,0.1398196,0.09417538,357.5544,180.3815,357.066,
0,1643461345324,RightFoot_Target,-0.7472935,0.1387781,0.09167528,0.7310446,179.7216,357.815,
0,1643461345429,RightFoot_Target,-0.7473409,0.1375602,0.09176051,0.289122,179.5133,358.0864,
0,1643461345558,RightFoot_Target,-0.7448763,0.1383938,0.09139018,0.2269568,180.7629,0.1834614,
0,1643461345659,RightFoot_Target,-0.7411382,0.1377803,0.09097553,1.26126,182.3206,9.375156,
0,1643461345791,RightFoot_Target,-0.7226503,0.1606203,0.08747855,10.44572,186.8141,51.53016,
0,1643461345924,RightFoot_Target,-0.5588187,0.2013158,-0.002395794,359.255,199.0945,48.80208,
0,1643461346028,RightFoot_Target,-0.3075532,0.165931,-0.0894749,347.7285,192.8893,22.93636,
0,1643461346133,RightFoot_Target,-0.1246056,0.1437706,-0.02244752,1.156823,173.6803,13.02122,
0,1643461346233,RightFoot_Target,0.06400263,0.16138,0.07521246,7.669555,173.0915,357.0615,
0,1643461346350,RightFoot_Target,0.181685,0.1800275,0.09530713,10.13945,187.6491,352.8213,
0,1643461346475,RightFoot_Target,0.1741616,0.123996,0.08795759,3.020537,186.6311,5.189542,
0,1643461346602,RightFoot_Target,0.174116,0.130737,0.09225823,0.6963362,185.5798,357.4347,
0,1643461346705,RightFoot_Target,0.1726515,0.1301301,0.09042421,0.2113504,183.8947,358.8817,
0,1643461346836,RightFoot_Target,0.1725527,0.1273233,0.08720161,3.371204,183.7487,359.1381,
0,1643461346937,RightFoot_Target,0.1728307,0.127881,0.08709674,2.701765,183.8462,359.6255,
0,1643461347076,RightFoot_Target,0.1726765,0.1280505,0.08552305,5.075542,184.5922,0.1988354,
0,1643461347204,RightFoot_Target,0.1727298,0.1283582,0.08064035,7.623376,185.9779,358.8923,
0,1643461347336,RightFoot_Target,0.1746496,0.1285245,0.07928225,8.192975,186.8731,357.4037,
0,1643461347468,RightFoot_Target,0.1729905,0.1300377,0.07456084,16.90659,187.183,0.4468274,
0,1643461347568,RightFoot_Target,0.1756833,0.1247424,0.07243268,15.64518,188.4355,3.08362,
0,1643461347671,RightFoot_Target,0.1819799,0.1285225,0.07133545,19.93336,190.2004,26.74468,
0,1643461347793,RightFoot_Target,0.332278,0.217436,-0.01058523,6.907251,175.679,70.58531,
0,1643461347905,RightFoot_Target,0.783524,0.1755585,-0.02530591,344.2513,185.6589,14.60333,
0,1643461348027,RightFoot_Target,1.135504,0.1504182,0.1406626,2.169194,172.4675,350.3526,
0,1643461348134,RightFoot_Target,1.10454,0.1246492,0.1204804,346.1809,175.8609,339.7488,
0,1643461348254,RightFoot_Target,1.104021,0.1232383,0.128831,356.8799,174.3102,358.8945,
0,1643461348376,RightFoot_Target,1.102065,0.1235168,0.1261394,359.5017,173.4503,1.071225,
0,1643461348493,RightFoot_Target,1.101563,0.1232921,0.1257558,1.260214,173.5717,4.111789,
0,1643461348624,RightFoot_Target,1.101044,0.1218863,0.1255217,0.9975306,174.2516,4.292782,
0,1643461348726,RightFoot_Target,1.101074,0.1205084,0.1239626,1.176886,174.6821,5.431087,
0,1643461348859,RightFoot_Target,1.101164,0.1187143,0.1205718,1.10606,175.6516,5.790649,
0,1643461348962,RightFoot_Target,1.10841,0.1204369,0.1238352,3.093798,176.7642,13.35633,
0,1643461349093,RightFoot_Target,1.115214,0.1335183,0.1240603,6.892582,178.968,42.22307,
0,1643461349199,RightFoot_Target,1.124178,0.1415268,0.1206018,6.235371,178.9424,54.40867,
0,1643461349304,RightFoot_Target,1.13484,0.1521297,0.1168592,7.968468,178.9221,66.4039,
0,1643461349422,RightFoot_Target,1.174346,0.1794088,0.1117803,13.59385,185.7106,78.92378,
0,1643461349524,RightFoot_Target,1.332791,0.2438503,0.05770426,347.2625,199.0014,63.1489,
0,1643461349637,RightFoot_Target,1.550873,0.2359838,0.03822196,349.2954,184.0416,44.9589,
0,1643461349742,RightFoot_Target,1.808309,0.1215624,0.08506741,5.911681,169.3042,20.45465,
0,1643461349847,RightFoot_Target,1.96596,0.05172274,0.2168676,17.41236,126.2355,0.6201854,
0,1643461349966,RightFoot_Target,1.95856,0.01682843,0.2628912,353.3822,101.2306,23.67554,
0,1643461350091,RightFoot_Target,1.947402,0.03540691,0.2631052,2.126236,116.7727,359.6542,
0,1643461350224,RightFoot_Target,1.94644,0.03691895,0.2605832,358.9772,116.0368,356.8391,
0,1643461350325,RightFoot_Target,1.946028,0.03532214,0.2588234,358.6948,116.1785,356.1453,
0,1643461350459,RightFoot_Target,1.945601,0.03319617,0.2563154,358.5594,116.5226,355.3209,
0,1643461350592,RightFoot_Target,1.93843,0.06272324,0.2741293,356.332,116.3812,357.9603,
0,1643461350692,RightFoot_Target,1.890505,0.07010312,0.3024606,357.1024,87.83002,3.9348,
0,1643461350803,RightFoot_Target,1.80389,0.06786707,0.3655328,4.492016,62.92094,359.8592,
0,1643461350916,RightFoot_Target,1.701312,0.06649692,0.4034886,6.964371,40.20764,356.5955,
0,1643461351024,RightFoot_Target,1.632151,0.06902409,0.3979604,9.580886,25.88864,355.172,
0,1643461351146,RightFoot_Target,1.648932,0.05120139,0.3967284,359.6071,30.86877,358.6143,
0,1643461351238,RightFoot_Target,1.652782,0.0497062,0.3989482,2.496353,29.34962,357.4832,
0,1643461351342,RightFoot_Target,1.653468,0.04792488,0.4000238,3.646263,29.05377,357.4401,
0,1643461351458,RightFoot_Target,1.653466,0.04739923,0.3998123,3.176638,29.11207,357.3305,
0,1643461351588,RightFoot_Target,1.65327,0.04829104,0.3990096,2.299339,29.21339,356.6479,
0,1643461351705,RightFoot_Target,1.653361,0.04794752,0.3984649,2.060336,29.09425,356.0077,
0,1643461351808,RightFoot_Target,1.65245,0.04722895,0.3982251,1.046362,29.21235,356.3531,
0,1643461351936,RightFoot_Target,1.652587,0.04732274,0.3980446,359.9879,29.36383,356.1224,
0,1643461352041,RightFoot_Target,1.652422,0.04944786,0.3976442,359.119,29.9825,356.2711,
0,1643461352169,RightFoot_Target,1.646634,0.05538386,0.3915535,350.819,32.45988,8.750292,
0,1643461352276,RightFoot_Target,1.609672,0.07104222,0.3327105,352.2255,31.80965,6.337443,
0,1643461352403,RightFoot_Target,1.516554,0.06718794,0.2088238,4.731893,15.36617,358.9002,
0,1643461352508,RightFoot_Target,1.547248,0.05033323,0.2187938,356.1881,32.06291,356.1311,
0,1643461352637,RightFoot_Target,1.548271,0.05079073,0.2221102,359.9385,29.96255,356.8812,
0,1643461352741,RightFoot_Target,1.548491,0.05400308,0.2244115,359.8644,29.43466,354.4666,
0,1643461352869,RightFoot_Target,1.549635,0.05357962,0.2251021,0.1289443,28.90941,353.0789,
0,1643461352980,RightFoot_Target,1.54914,0.05268781,0.2253673,0.1431603,28.78178,353.9263,
0,1643461353105,RightFoot_Target,1.549082,0.05269145,0.2252744,0.2660947,28.8805,353.7057,
0,1643461353206,RightFoot_Target,1.548143,0.05264653,0.2253189,359.3191,29.27258,354.8159,
0,1643461353336,RightFoot_Target,1.547296,0.05066465,0.2245216,358.832,29.54244,355.5859,
0,1643461353438,RightFoot_Target,1.545888,0.04973619,0.2247445,357.8307,30.17468,357.6984,
0,1643461353568,RightFoot_Target,1.535354,0.06965951,0.2304986,349.843,22.88509,27.1552,
0,1643461353672,RightFoot_Target,1.510624,0.1934344,0.2659358,332.7549,18.79334,22.68889,
0,1643461353800,RightFoot_Target,1.379097,0.2635275,0.2222499,344.509,3.447875,13.01082,
0,1643461353903,RightFoot_Target,1.231961,0.2198883,0.1455823,357.3829,359.1752,3.018933,
0,1643461354005,RightFoot_Target,1.105552,0.1774375,0.09570634,5.349975,2.248686,352.5723,
0,1643461354109,RightFoot_Target,1.110151,0.1388854,0.08250339,1.612915,357.3625,354.8302,
0,1643461354239,RightFoot_Target,1.115904,0.1345016,0.07867355,356.369,357.5404,358.0419,
0,1643461354337,RightFoot_Target,1.11567,0.1357582,0.08145546,358.4312,357.1873,359.1796,
0,1643461354469,RightFoot_Target,1.114343,0.1341024,0.08021124,356.8752,357.2693,359.8692,
0,1643461354569,RightFoot_Target,1.114676,0.1325098,0.07894196,356.1004,353.464,359.7211,
0,1643461354670,RightFoot_Target,1.11335,0.1323514,0.08085357,356.9962,354.4372,358.4146,
0,1643461354774,RightFoot_Target,1.1134,0.1309962,0.08076478,356.9637,354.1653,358.4783,
0,1643461354902,RightFoot_Target,1.11339,0.130375,0.08063769,356.4919,354.1236,358.8316,
0,1643461355011,RightFoot_Target,1.113669,0.1318155,0.08054459,356.6762,354.2168,358.6693,
0,1643461355117,RightFoot_Target,1.114031,0.1321892,0.08036698,356.9818,354.2011,358.7884,
0,1643461355226,RightFoot_Target,1.115048,0.1336008,0.08084214,357.7938,354.037,359.0774,
0,1643461355327,RightFoot_Target,1.154338,0.1331381,0.08665778,358.0915,355.7534,1.356026,
0,1643461355434,RightFoot_Target,1.163411,0.1305054,0.0839185,355.488,0.1431094,356.7239,
0,1643461355549,RightFoot_Target,1.167552,0.1318896,0.08731775,356.3106,358.8016,357.606,
0,1643461355671,RightFoot_Target,1.166718,0.1329276,0.08775148,357.0833,358.5596,357.7069,
0,1643461355804,RightFoot_Target,1.166794,0.130788,0.08851859,357.329,357.4172,358.6137,
0,1643461355936,RightFoot_Target,1.168085,0.1333531,0.08956777,0.8561755,355.1449,359.0823,
0,1643461356038,RightFoot_Target,1.166917,0.1304731,0.08998576,358.5398,355.9525,359.5978,
0,1643461356168,RightFoot_Target,1.165815,0.1291959,0.08702645,357.0784,357.8359,358.3714,
0,1643461356271,RightFoot_Target,1.167128,0.1297419,0.08713637,357.1548,357.9572,358.6391,
0,1643461356387,RightFoot_Target,1.167813,0.1327996,0.08735539,358.6908,358.0328,356.9796,
0,1643461356517,RightFoot_Target,1.16691,0.1310543,0.08731481,357.9337,357.461,357.4406,
0,1643461356636,RightFoot_Target,1.166791,0.1301989,0.08782233,357.6168,356.9184,358.503,
0,1643461356750,RightFoot_Target,1.165328,0.129104,0.08670465,357.7558,357.4001,357.9296,
0,1643461356854,RightFoot_Target,1.166244,0.1285822,0.0870226,357.142,357.528,357.9577,
0,1643461356957,RightFoot_Target,1.166175,0.1289619,0.08605649,356.0736,357.4198,358.0174,
0,1643461357067,RightFoot_Target,1.166403,0.1296528,0.08738714,357.2671,357.1777,357.9865,
0,1643461357170,RightFoot_Target,1.166656,0.1295376,0.08635062,356.1364,357.3201,357.6265,
0,1643461357302,RightFoot_Target,1.165406,0.1269252,0.08584012,355.3698,357.564,358.3884,
0,1643461357402,RightFoot_Target,1.164786,0.1258558,0.08607121,354.8308,357.498,0.9667907,
0,1643461357537,RightFoot_Target,1.164036,0.1284963,0.08604421,2.579849,358.3225,10.78147,
0,1643461357667,RightFoot_Target,1.142018,0.1517888,0.09929957,21.30048,9.432395,47.29541,
0,1643461357768,RightFoot_Target,1.058084,0.1968684,0.12402,17.90399,20.20007,83.14864,
0,1643461357868,RightFoot_Target,0.8557863,0.1713837,0.2334676,354.8855,16.10324,50.55338,
0,1643461357983,RightFoot_Target,0.6194883,0.1463263,0.2182577,7.770527,358.1017,29.83795,
0,1643461358095,RightFoot_Target,0.3933168,0.1464767,0.1196277,14.00851,351.1285,7.009218,
0,1643461358221,RightFoot_Target,0.2720093,0.1702191,0.1088638,15.36456,9.538738,358.2468,
0,1643461358339,RightFoot_Target,0.259268,0.1447331,0.1007158,5.666256,3.109026,0.5244071,
0,1643461358441,RightFoot_Target,0.2819182,0.1267011,0.08373469,350.7552,344.0423,9.138171,
0,1643461358546,RightFoot_Target,0.2735385,0.1295263,0.09198765,359.4567,356.6749,359.4138,
0,1643461358657,RightFoot_Target,0.2761849,0.130889,0.09153122,357.4176,356.8657,359.5277,
0,1643461358783,RightFoot_Target,0.2764607,0.1285556,0.09175384,356.9138,356.8762,358.4046,
0,1643461358885,RightFoot_Target,0.2758317,0.1299361,0.09350221,358.5552,356.6231,358.7056,
0,1643461358986,RightFoot_Target,0.2771311,0.1292801,0.09480086,359.0003,355.4763,0.3537039,
0,1643461359117,RightFoot_Target,0.2764527,0.1286182,0.09290183,358.6924,356.642,358.7951,
0,1643461359247,RightFoot_Target,0.2746238,0.1246858,0.09534615,356.6806,355.9413,356.8605,
0,1643461359351,RightFoot_Target,0.2761643,0.1296362,0.09408352,1.751882,355.7527,7.687218,
0,1643461359480,RightFoot_Target,0.2448502,0.1653815,0.10898,28.87115,18.7136,44.07914,
0,1643461359598,RightFoot_Target,0.07523454,0.2016706,0.1884688,358.4199,11.57839,40.37297,
0,1643461359701,RightFoot_Target,-0.1269087,0.1826856,0.2120529,351.9338,5.558449,24.55496,
0,1643461359809,RightFoot_Target,-0.3882261,0.1487795,0.1545741,353.9145,355.7609,8.583412,
0,1643461359913,RightFoot_Target,-0.591809,0.1721331,0.07617749,2.741047,356.7796,351.3016,
0,1643461360030,RightFoot_Target,-0.6432974,0.1593693,0.08504568,6.497024,10.15919,359.7032,
0,1643461360150,RightFoot_Target,-0.61805,0.1427047,0.0934457,359.9701,5.26212,358.9746,
0,1643461360275,RightFoot_Target,-0.6165587,0.1427589,0.09006243,0.3089028,3.972211,0.01672806,
0,1643461360403,RightFoot_Target,-0.6175469,0.142455,0.09072895,359.3623,4.677997,357.8358,
0,1643461360504,RightFoot_Target,-0.6152419,0.1411885,0.09281905,0.2143817,2.096358,0.4431533,
0,1643461360636,RightFoot_Target,-0.6174046,0.1405893,0.09167269,0.05269668,2.579652,1.469205,
0,1643461360737,RightFoot_Target,-0.617036,0.1415608,0.09028028,359.2057,4.293007,1.040241,
0,1643461360871,RightFoot_Target,-0.6188698,0.1408856,0.08866467,358.5553,5.188869,358.3204,
0,1643461360986,RightFoot_Target,-0.6183112,0.139429,0.09152044,359.0801,4.907845,359.9464,
0,1643461361088,RightFoot_Target,-0.6192458,0.138409,0.0916658,359.4005,5.267507,4.652582,
0,1643461361190,RightFoot_Target,-0.6239887,0.1386041,0.09159367,1.602575,7.425713,16.59649,
0,1643461361290,RightFoot_Target,-0.6341484,0.1520609,0.09576202,9.204476,8.731158,41.56665,
0,1643461361401,RightFoot_Target,-0.7215327,0.2175538,0.1507176,3.725585,19.26387,64.5441,
0,1643461361505,RightFoot_Target,-0.9736801,0.211682,0.2322235,344.3383,7.716106,35.10315,
0,1643461361620,RightFoot_Target,-1.265948,0.1640804,0.1675216,356.4626,356.6675,11.24644,
0,1643461361725,RightFoot_Target,-1.488741,0.1625409,0.07616694,3.187601,351.6793,356.5584,
0,1643461361859,RightFoot_Target,-1.609055,0.1726743,0.06302201,9.648076,7.097016,358.2091,
0,1643461361964,RightFoot_Target,-1.578712,0.1409325,0.05073828,349.4788,353.4807,358.5471,
0,1643461362091,RightFoot_Target,-1.577104,0.1443884,0.06029217,355.9948,0.06071308,358.9769,
0,1643461362196,RightFoot_Target,-1.575689,0.1420614,0.05992077,355.5878,359.4456,359.1357,
0,1643461362326,RightFoot_Target,-1.576588,0.139645,0.0588356,354.5928,0.02553963,358.5119,
0,1643461362458,RightFoot_Target,-1.576524,0.1413893,0.06101163,357.381,359.9582,359.1516,
0,1643461362571,RightFoot_Target,-1.577429,0.141613,0.06096714,356.2163,0.2786059,359.5687,
0,1643461362694,RightFoot_Target,-1.577175,0.1404591,0.06119899,355.8901,359.7066,359.7402,
0,1643461362800,RightFoot_Target,-1.579151,0.136357,0.05902142,354.9744,0.5408809,0.1368247,
0,1643461362916,RightFoot_Target,-1.580228,0.1376831,0.05901499,355.2373,0.8618025,11.96062,
0,1643461363017,RightFoot_Target,-1.586471,0.1463293,0.06491784,5.273534,3.031204,35.73393,
0,1643461363131,RightFoot_Target,-1.636928,0.1983865,0.08163798,20.99598,18.61166,67.38821,
0,1643461363257,RightFoot_Target,-1.83208,0.2006985,0.184995,6.877838,8.127542,48.89273,
0,1643461363386,RightFoot_Target,-2.100148,0.1730873,0.2043094,3.122318,2.754119,22.81348,
0,1643461363486,RightFoot_Target,-2.294341,0.170521,0.1315103,7.691656,356.5805,7.445847,
0,1643461363598,RightFoot_Target,-2.439839,0.1963756,0.04575211,13.90846,349.8364,358.3392,
0,1643461363726,RightFoot_Target,-2.516316,0.1960178,0.05104289,3.441268,2.651234,355.4561,
0,1643461363858,RightFoot_Target,-2.494345,0.1708619,0.05426317,8.142634,9.137799,4.946851,
0,1643461363960,RightFoot_Target,-2.494934,0.1626077,0.06036844,358.3814,352.6755,1.426315,
0,1643461364091,RightFoot_Target,-2.498649,0.1640272,0.06041357,356.9535,349.1032,0.1261936,
0,1643461364192,RightFoot_Target,-2.49823,0.1626967,0.06104574,356.85,349.3762,359.271,
0,1643461364324,RightFoot_Target,-2.498199,0.160582,0.06479762,357.4635,349.0325,358.0786,
0,1643461364458,RightFoot_Target,-2.498198,0.1621018,0.06270237,357.2694,349.5661,359.1801,
0,1643461364591,RightFoot_Target,-2.50023,0.1375369,0.08886273,351.6553,342.8532,1.176267,
0,1643461364724,RightFoot_Target,-2.499137,0.1390916,0.07117637,356.6257,349.2736,0.4220114,
0,1643461364825,RightFoot_Target,-2.485063,0.1442887,0.07228095,0.009879335,350.4349,12.00521,
0,1643461364940,RightFoot_Target,-2.505024,0.1748792,0.08746029,28.25577,8.482127,46.31878,
0,1643461365041,RightFoot_Target,-2.653112,0.2365959,0.1958869,349.1193,23.40554,37.24564,
0,1643461365163,RightFoot_Target,-2.902033,0.2262037,0.1937502,350.5176,3.123156,27.83171,
0,1643461365273,RightFoot_Target,-3.220701,0.1532862,0.07933566,355.8448,358.5794,18.29699,
0,1643461365375,RightFoot_Target,-3.433266,0.1748559,0.0212841,358.9305,357.4064,357.8405,
0,1643461365475,RightFoot_Target,-3.388125,0.1655562,0.03038458,354.3756,354.4426,3.031117,
0,1643461365602,RightFoot_Target,-3.380238,0.167981,0.03341582,357.5489,356.3899,358.2114,
0,1643461365704,RightFoot_Target,-3.37867,0.1674435,0.03391219,358.8805,355.3398,359.3538,
0,1643461365827,RightFoot_Target,-3.379827,0.1695135,0.03552692,358.4911,354.485,359.9027,
0,1643461365940,RightFoot_Target,-3.379442,0.1689999,0.03470321,358.2147,354.4117,359.8468,
0,1643461366060,RightFoot_Target,-3.379302,0.1718515,0.03682967,2.247184,354.6428,357.7449,
0,1643461366163,RightFoot_Target,-3.379231,0.1681928,0.03577074,359.7863,354.6766,358.9187,
0,1643461366293,RightFoot_Target,-3.389703,0.1709076,0.03723422,6.84983,0.147472,17.56738,
0,1643461366394,RightFoot_Target,-3.435625,0.2227987,0.04806335,19.68357,23.69602,70.47159,
0,1643461366526,RightFoot_Target,-3.805909,0.2573335,0.1608717,351.8531,14.71881,39.9847,
0,1643461366662,RightFoot_Target,-4.331952,0.2349999,0.2215283,352.9667,12.45026,357.0472,
0,1643461366791,RightFoot_Target,-4.719323,0.2925194,0.2060053,354.8858,353.1617,351.0338,
0,1643461366891,RightFoot_Target,-4.794564,0.2451233,0.2122943,3.937293,1.201812,358.869,
0,1643461367005,RightFoot_Target,-4.809013,0.1423683,0.2135012,5.93774,0.5651239,15.89163,
0,1643461367127,RightFoot_Target,-4.810685,0.09589127,0.2201478,352.3646,357.5953,356.7896,
0,1643461367262,RightFoot_Target,-4.790599,0.1199397,0.2216891,356.7535,357.5255,359.0739,
0,1643461367393,RightFoot_Target,-4.789658,0.1224006,0.2210596,357.3428,357.7306,355.7843,
0,1643461367496,RightFoot_Target,-4.788484,0.1217369,0.220162,356.7148,357.7347,356.9117,
0,1643461367625,RightFoot_Target,-4.782333,0.1218016,0.2172518,356.1628,357.8322,356.4465,
0,1643461367731,RightFoot_Target,-4.775348,0.1224422,0.213744,356.2386,358.0636,355.6454,
0,1643461367859,RightFoot_Target,-4.764026,0.1210066,0.2059054,354.4742,358.4488,358.6577,
0,1643461367964,RightFoot_Target,-4.761674,0.1274143,0.198581,354.2307,1.601567,23.32826,
0,1643461368091,RightFoot_Target,-4.852107,0.1850532,0.1257888,351.6446,340.7692,27.20609,
0,1643461368193,RightFoot_Target,-4.999909,0.1484007,-0.00397788,357.1079,319.4313,8.469261,
0,1643461368324,RightFoot_Target,-5.101025,0.1420406,-0.1478702,356.0776,270.0253,352.7712,
0,1643461368425,RightFoot_Target,-5.085413,0.1436476,-0.1285756,358.8177,278.1327,355.9982,
0,1643461368556,RightFoot_Target,-5.090431,0.1453696,-0.1292492,357.9661,275.9567,355.5403,
0,1643461368659,RightFoot_Target,-5.090862,0.1481872,-0.1294544,357.0926,275.5892,354.8287,
0,1643461368761,RightFoot_Target,-5.090873,0.1452114,-0.1281205,356.1216,275.6805,354.3203,
0,1643461368864,RightFoot_Target,-5.088958,0.1407619,-0.1260473,356.5796,276.2417,356.1689,
0,1643461368981,RightFoot_Target,-5.070686,0.1528645,-0.1363311,340.9786,270.5187,8.103886,
0,1643461369095,RightFoot_Target,-4.887232,0.1503266,-0.229434,5.237677,241.4534,1.978981,
0,1643461369219,RightFoot_Target,-4.717464,0.1550709,-0.2501656,8.004004,207.2611,354.0317,
0,1643461369327,RightFoot_Target,-4.675006,0.1303031,-0.1894225,11.9319,190.9373,2.214795,
0,1643461369428,RightFoot_Target,-4.694831,0.1173593,-0.195066,354.7982,192.7322,1.598138,
0,1643461369559,RightFoot_Target,-4.696342,0.1197807,-0.1980746,359.6976,194.4424,0.3759823,
0,1643461369661,RightFoot_Target,-4.6968,0.1187831,-0.1985179,359.9637,194.088,359.0479,
0,1643461369792,RightFoot_Target,-4.696439,0.1197071,-0.1974945,359.1913,193.876,358.9992,
0,1643461369929,RightFoot_Target,-4.696418,0.120161,-0.1961136,358.4825,194.0799,357.4996,
0,1643461370059,RightFoot_Target,-4.695893,0.1199693,-0.1961048,357.5948,194.1957,357.6071,
0,1643461370171,RightFoot_Target,-4.695691,0.1193345,-0.1958966,357.5123,193.9916,357.459,
0,1643461370293,RightFoot_Target,-4.69673,0.1216281,-0.1922923,357.1201,195.3848,0.5253453,
0,1643461370393,RightFoot_Target,-4.693177,0.130798,-0.1831858,349.6371,194.7774,2.061857,
0,1643461370525,RightFoot_Target,-4.663753,0.1021349,-0.09472142,3.617118,186.9722,5.601555,
0,1643461370626,RightFoot_Target,-4.678246,0.1129077,-0.1115924,358.8605,186.6585,1.447276,
0,1643461370763,RightFoot_Target,-4.675297,0.1166674,-0.1170246,357.2265,189.5631,8.451261,
0,1643461370891,RightFoot_Target,-4.634951,0.2066354,-0.119993,340.0225,185.6129,43.38775,
0,1643461370991,RightFoot_Target,-4.500853,0.2977005,-0.07626192,347.1908,183.8615,14.54102,
0,1643461371094,RightFoot_Target,-4.334054,0.2819032,-0.01264862,359.7649,177.6484,2.366967,
0,1643461371229,RightFoot_Target,-4.149864,0.2236789,0.03780718,1.265113,171.4154,349.9623,
0,1643461371358,RightFoot_Target,-4.165483,0.1963471,0.05727449,2.291,167.7986,3.137311,
0,1643461371462,RightFoot_Target,-4.160897,0.1884693,0.04923666,0.4938832,166.8402,358.58,
0,1643461371591,RightFoot_Target,-4.166342,0.1923543,0.04776002,359.9863,167.2516,358.5765,
0,1643461371692,RightFoot_Target,-4.166243,0.19083,0.04839984,359.2262,167.4837,359.9016,
0,1643461371827,RightFoot_Target,-4.166406,0.1922718,0.04978005,0.474959,167.4108,1.551496,
0,1643461371958,RightFoot_Target,-4.166956,0.1949948,0.04866862,0.1075109,167.6434,359.9523,
0,1643461372063,RightFoot_Target,-4.166376,0.1924596,0.04882699,359.1654,168.117,0.213163,
0,1643461372190,RightFoot_Target,-4.165152,0.1906167,0.04781077,359.2915,167.7389,359.7984,
0,1643461372298,RightFoot_Target,-4.16479,0.1897712,0.04761805,359.4497,167.6093,0.01373206,
0,1643461372398,RightFoot_Target,-4.16509,0.1905549,0.047121,0.2113494,167.5556,359.7449,
0,1643461372508,RightFoot_Target,-4.165677,0.1916391,0.04705605,359.8818,167.5037,359.5108,
0,1643461372635,RightFoot_Target,-4.164521,0.1974436,0.04217878,359.8903,170.7127,356.1118,
0,1643461372747,RightFoot_Target,-4.164153,0.1901325,0.04243264,0.08380045,170.2675,359.8157,
0,1643461372849,RightFoot_Target,-4.164023,0.1906962,0.04326444,359.4063,169.805,358.8539,
0,1643461372957,RightFoot_Target,-4.164284,0.1911003,0.04242012,359.6453,169.6951,358.7297,
0,1643461373080,RightFoot_Target,-4.163111,0.1883111,0.04304063,358.3522,169.6942,358.9845,
0,1643461373180,RightFoot_Target,-4.162436,0.186587,0.04398794,357.0672,170.0504,359.5641,
0,1643461373295,RightFoot_Target,-4.162493,0.1889471,0.04369161,358.3256,170.0636,359.2999,
0,1643461373414,RightFoot_Target,-4.165742,0.1932546,0.0435068,1.019869,169.4982,359.8628,
0,1643461373546,RightFoot_Target,-4.185711,0.1921534,0.01478866,0.2492673,182.8087,359.8606,
0,1643461373646,RightFoot_Target,-4.202785,0.1919107,0.01481335,358.5476,180.5416,353.4058,
0,1643461373784,RightFoot_Target,-4.211579,0.1892452,0.01762667,1.088957,180.2568,358.9696,
0,1643461373912,RightFoot_Target,-4.210838,0.1898786,0.01702381,1.078474,179.9484,358.7122,
0,1643461374032,RightFoot_Target,-4.209846,0.1891631,0.01799705,359.5403,180.0189,358.5914,
0,1643461374148,RightFoot_Target,-4.209106,0.1885615,0.01684315,358.6935,180.0122,357.6259,
0,1643461374283,RightFoot_Target,-4.210086,0.1876368,0.01305217,4.491401,181.032,358.1823,
0,1643461374403,RightFoot_Target,-4.210711,0.1857238,0.01154606,2.92011,180.9864,359.3482,
0,1643461374525,RightFoot_Target,-4.210806,0.1865521,0.008126747,5.225055,182.836,357.7491,
0,1643461374649,RightFoot_Target,-4.208351,0.185319,0.008692469,4.85285,181.9006,0.1919213,
0,1643461374780,RightFoot_Target,-4.206615,0.1842152,0.007452849,2.349708,188.1165,2.753631,
0,1643461374895,RightFoot_Target,-4.204743,0.1834363,0.009393122,1.678385,188.6033,7.36144,
0,1643461375014,RightFoot_Target,-4.200595,0.1862307,0.01084047,359.0173,190.3216,22.91746,
0,1643461375114,RightFoot_Target,-4.186722,0.2011767,0.004787892,2.191811,187.5569,47.46048,
0,1643461375245,RightFoot_Target,-3.994817,0.2729923,-0.06546266,351.222,199.896,46.58855,
0,1643461375359,RightFoot_Target,-3.732523,0.2606093,-0.1096164,341.4334,196.9292,24.23969,
0,1643461375480,RightFoot_Target,-3.367003,0.1632315,0.007950868,349.5385,148.6043,16.45834,
0,1643461375580,RightFoot_Target,-3.165102,0.1961579,0.06794915,14.81041,185.1951,349.5438,
0,1643461375681,RightFoot_Target,-3.204967,0.169904,0.06566608,359.9045,188.9137,4.671691,
0,1643461375812,RightFoot_Target,-3.214316,0.1691174,0.05263038,359.2225,186.9424,359.8493,
0,1643461375950,RightFoot_Target,-3.21533,0.1701458,0.05120856,2.155545,185.8618,2.423863,
0,1643461376080,RightFoot_Target,-3.21564,0.1705787,0.04992127,2.254508,185.4483,2.08144,
0,1643461376191,RightFoot_Target,-3.216163,0.1706437,0.05035608,2.684512,185.4357,1.881666,
0,1643461376296,RightFoot_Target,-3.21366,0.1683903,0.05242997,0.6838553,187.4108,3.793922,
0,1643461376405,RightFoot_Target,-3.208809,0.170049,0.05314653,3.618986,190.2,16.58871,
0,1643461376507,RightFoot_Target,-3.18117,0.210981,0.03721915,11.57035,189.2447,51.75572,
0,1643461376608,RightFoot_Target,-3.001215,0.2487587,-0.03255665,358.2674,189.3702,44.78035,
0,1643461376729,RightFoot_Target,-2.73167,0.2247741,-0.07938208,350.0283,190.8454,20.46253,
0,1643461376832,RightFoot_Target,-2.521463,0.1985573,-0.01737439,358.5211,179.4376,6.979652,
0,1643461376960,RightFoot_Target,-2.352718,0.1666213,0.08865924,14.85709,171.9787,3.573855,
0,1643461377094,RightFoot_Target,-2.391601,0.1683524,0.07633784,10.81281,176.8746,358.2904,
0,1643461377230,RightFoot_Target,-2.399713,0.1652255,0.06794481,5.300057,171.0072,357.2158,
0,1643461377359,RightFoot_Target,-2.398632,0.1671389,0.06529992,8.643413,171.6791,357.0461,
0,1643461377470,RightFoot_Target,-2.397639,0.1686593,0.06277002,13.05338,171.9241,356.6327,
0,1643461377596,RightFoot_Target,-2.398375,0.1643815,0.06766787,4.198068,170.7424,358.8383,
0,1643461377725,RightFoot_Target,-2.397515,0.1637714,0.06836188,5.74608,170.837,358.4261,
0,1643461377856,RightFoot_Target,-2.396343,0.164999,0.06252722,10.68288,172.1934,357.1029,
0,1643461377959,RightFoot_Target,-2.396186,0.1611656,0.06678229,5.081135,172.1122,358.2616,
0,1643461378095,RightFoot_Target,-2.396562,0.1620567,0.06501336,8.18766,172.1529,358.3618,
0,1643461378224,RightFoot_Target,-2.396039,0.161078,0.06646018,6.065376,172.6749,359.687,
0,1643461378326,RightFoot_Target,-2.393559,0.1605856,0.07158418,3.777688,172.6782,6.214635,
0,1643461378430,RightFoot_Target,-2.38862,0.1615858,0.07035209,7.753508,173.2183,20.34925,
0,1643461378557,RightFoot_Target,-2.363156,0.1902783,0.06251039,25.66079,188.7939,48.51149,
0,1643461378689,RightFoot_Target,-2.174806,0.2282963,-0.03642417,348.1817,185.1209,46.00582,
0,1643461378790,RightFoot_Target,-1.916561,0.2073092,-0.05271173,340.9649,185.3636,19.93606,
0,1643461378893,RightFoot_Target,-1.651315,0.1703177,0.0449636,1.108891,179.2834,359.8168,
0,1643461379025,RightFoot_Target,-1.516602,0.1356101,0.09571582,10.50679,188.0057,4.422634,
0,1643461379161,RightFoot_Target,-1.551037,0.1399327,0.08493137,358.019,180.3112,359.1228,
0,1643461379264,RightFoot_Target,-1.554932,0.1426904,0.08446689,359.594,181.2538,359.4175,
0,1643461379392,RightFoot_Target,-1.554358,0.1435011,0.08444002,358.8178,181.1496,359.2227,
0,1643461379493,RightFoot_Target,-1.555053,0.1426864,0.08208086,0.5685037,180.682,359.5396,
0,1643461379632,RightFoot_Target,-1.553875,0.1428303,0.081801,0.8073512,181.1078,359.6421,
0,1643461379757,RightFoot_Target,-1.552813,0.1424946,0.08269809,358.6568,181.677,358.4953,
0,1643461379861,RightFoot_Target,-1.552725,0.141128,0.08598207,359.0974,182.3172,359.6002,
0,1643461379994,RightFoot_Target,-1.552061,0.1402524,0.08199384,359.9496,182.6597,4.99614,
0,1643461380124,RightFoot_Target,-1.544857,0.1429573,0.08074602,1.561358,185.1878,26.19066,
0,1643461380225,RightFoot_Target,-1.526085,0.1723139,0.07127252,14.22095,187.7272,54.39362,
0,1643461380324,RightFoot_Target,-1.41903,0.2104141,-0.01701524,354.6,194.3312,53.77254,
0,1643461380457,RightFoot_Target,-1.128914,0.1870705,-0.06902152,346.0461,185.0406,27.17037,
0,1643461380591,RightFoot_Target,-0.8086627,0.1543238,0.08238035,6.222479,172.303,358.9042,
0,1643461380723,RightFoot_Target,-0.6788388,0.1409849,0.1054385,7.173188,189.5042,5.421553,
0,1643461380857,RightFoot_Target,-0.7035332,0.1418658,0.09976953,359.3527,182.0113,359.6751,
0,1643461380963,RightFoot_Target,-0.7067241,0.1426599,0.09911822,359.0959,181.9582,359.1149,
0,1643461381064,RightFoot_Target,-0.7070574,0.1420683,0.09663149,0.3848387,180.7441,359.6514,
0,1643461381165,RightFoot_Target,-0.7075965,0.1418755,0.0954406,0.8668416,180.207,0.5688704,
0,1643461381270,RightFoot_Target,-0.7062246,0.1419791,0.09805922,358.9595,181.5594,359.9352,
0,1643461381387,RightFoot_Target,-0.7054909,0.1427717,0.0970346,359.6968,181.5743,359.5411,
0,1643461381496,RightFoot_Target,-0.7073423,0.1434261,0.09513213,2.508196,180.3804,0.3194109,
0,1643461381620,RightFoot_Target,-0.7060058,0.1419084,0.09706761,359.9498,181.8502,359.4268,
0,1643461381736,RightFoot_Target,-0.7053637,0.1413232,0.09781142,358.9929,182.496,1.580485,
0,1643461381859,RightFoot_Target,-0.7001731,0.1410547,0.09628578,1.496273,183.5412,13.18288,
0,1643461381979,RightFoot_Target,-0.6583332,0.1944538,0.07925625,18.13113,194.7373,59.73475,
0,1643461382080,RightFoot_Target,-0.4769683,0.2386845,-0.04900025,343.3933,193.5824,45.00536,
0,1643461382180,RightFoot_Target,-0.2165634,0.2089842,-0.06171242,346.1949,179.8764,23.66343,
0,1643461382312,RightFoot_Target,0.1148411,0.1603201,0.07999121,358.6291,166.8027,358.6084,
0,1643461382418,RightFoot_Target,0.2450875,0.1712967,0.1219575,4.990323,180.2816,354.9735,
0,1643461382547,RightFoot_Target,0.2057055,0.1078178,0.1187015,1.44258,172.8873,11.98184,
0,1643461382654,RightFoot_Target,0.217323,0.1246755,0.1167132,0.02603976,173.0206,0.3460718,
0,1643461382765,RightFoot_Target,0.2203728,0.1255797,0.1197272,357.1713,173.5131,0.05316974,
0,1643461382881,RightFoot_Target,0.220822,0.1273674,0.1167256,0.5018049,172.8359,0.07356462,
0,1643461382981,RightFoot_Target,0.220128,0.1275342,0.1171888,358.359,172.8893,0.7090421,
0,1643461383085,RightFoot_Target,0.2207309,0.1277137,0.1172063,359.2038,173.4492,0.5063816,
0,1643461383204,RightFoot_Target,0.2211649,0.1276983,0.1173308,358.8322,173.8308,0.613321,
0,1643461383314,RightFoot_Target,0.2205611,0.1249912,0.1178716,359.3886,173.6806,359.4097,
0,1643461383416,RightFoot_Target,0.2220991,0.1269774,0.1171535,0.3266315,173.3135,359.5053,
0,1643461383540,RightFoot_Target,0.2245537,0.1261694,0.1158112,2.252938,175.6785,11.24953,
0,1643461383670,RightFoot_Target,0.2513417,0.1617023,0.1048144,19.93388,186.1697,56.99286,
0,1643461383774,RightFoot_Target,0.3970483,0.2280684,-0.05155468,335.3845,212.3525,46.5201,
0,1643461383919,RightFoot_Target,0.8113154,0.1968748,-0.05431526,346.2607,181.2819,16.24606,
0,1643461384036,RightFoot_Target,1.037335,0.1579901,0.07330788,0.763415,164.6269,2.097289,
0,1643461384137,RightFoot_Target,1.188777,0.1880962,0.1222126,3.788287,176.7869,348.6584,
0,1643461384267,RightFoot_Target,1.16696,0.1178753,0.1250634,5.232078,180.4926,5.272937,
0,1643461384370,RightFoot_Target,1.154404,0.1188539,0.1149387,345.6267,168.2812,356.677,
0,1643461384503,RightFoot_Target,1.160633,0.1260485,0.1244147,359.2959,175.7697,358.9321,
0,1643461384639,RightFoot_Target,1.161175,0.1278613,0.1248325,357.6451,175.7888,357.5825,
0,1643461384748,RightFoot_Target,1.160692,0.1274099,0.1244513,357.9171,175.7047,358.2597,
0,1643461384869,RightFoot_Target,1.161492,0.1255654,0.1233304,357.0474,175.873,357.0178,
0,1643461385001,RightFoot_Target,1.161106,0.1226262,0.1244875,356.3087,176.4022,357.8505,
0,1643461385100,RightFoot_Target,1.160614,0.1204432,0.1237276,355.8626,176.9375,359.0872,
0,1643461385213,RightFoot_Target,1.161862,0.1191922,0.121525,358.9286,177.6618,4.374907,
0,1643461385336,RightFoot_Target,1.174401,0.129417,0.1196896,4.451195,181.9964,38.76982,
0,1643461385445,RightFoot_Target,1.257427,0.2031369,0.1203117,5.991654,200.0512,76.50033,
0,1643461385550,RightFoot_Target,1.460741,0.2415919,0.06756793,348.2911,191.878,36.88684,
0,1643461385652,RightFoot_Target,1.641239,0.172837,0.06072097,359.2166,189.4158,22.08496,
0,1643461385783,RightFoot_Target,1.85462,0.06825151,0.05656657,4.300429,164.0276,358.2444,
0,1643461385924,RightFoot_Target,1.866025,0.050978,0.02985393,0.3726287,172.7661,357.8884,
0,1643461386057,RightFoot_Target,1.863371,0.05530125,0.02876446,1.233895,166.8984,353.6841,
0,1643461386176,RightFoot_Target,1.863432,0.0465963,0.03629415,2.478608,166.853,353.2423,
0,1643461386283,RightFoot_Target,1.86421,0.03576408,0.04381206,1.065379,167.0732,354.4736,
0,1643461386416,RightFoot_Target,1.863474,0.03147382,0.04656607,1.34798,167.4659,353.3259,
0,1643461386548,RightFoot_Target,1.86248,0.02788247,0.04776746,2.190549,167.5382,352.703,
0,1643461386679,RightFoot_Target,1.861923,0.0235394,0.05103584,0.7751821,168.0298,352.6746,
0,1643461386787,RightFoot_Target,1.8604,0.02062636,0.05242316,0.4982356,168.5271,352.6854,
